uid,first_name,last_name,dgraph.type
6151,fc0,lc0,Client
6152,fc1,lc1,Client
6153,fc2,lc2,Client
6154,fc3,lc3,Client
6155,fc4,lc4,Client
6156,fc5,lc5,Client
6157,fc6,lc6,Client
6158,fc7,lc7,Client
6159,fc8,lc8,Client
6160,fc9,lc9,Client
6161,fc10,lc10,Client
6162,fc11,lc11,Client
6163,fc12,lc12,Client
6164,fc13,lc13,Client
6165,fc14,lc14,Client
6166,fc15,lc15,Client
6167,fc16,lc16,Client
6168,fc17,lc17,Client
6169,fc18,lc18,Client
6170,fc19,lc19,Client
6171,fc20,lc20,Client
6172,fc21,lc21,Client
6173,fc22,lc22,Client
6174,fc23,lc23,Client
6175,fc24,lc24,Client
6176,fc25,lc25,Client
6177,fc26,lc26,Client
6178,fc27,lc27,Client
6179,fc28,lc28,Client
6180,fc29,lc29,Client
6181,fc30,lc30,Client
6182,fc31,lc31,Client
6183,fc32,lc32,Client
6184,fc33,lc33,Client
6185,fc34,lc34,Client
6186,fc35,lc35,Client
6187,fc36,lc36,Client
6188,fc37,lc37,Client
6189,fc38,lc38,Client
6190,fc39,lc39,Client
6191,fc40,lc40,Client
6192,fc41,lc41,Client
6193,fc42,lc42,Client
6194,fc43,lc43,Client
6195,fc44,lc44,Client
6196,fc45,lc45,Client
6197,fc46,lc46,Client
6198,fc47,lc47,Client
6199,fc48,lc48,Client
6200,fc49,lc49,Client
6201,fc50,lc50,Client
6202,fc51,lc51,Client
6203,fc52,lc52,Client
6204,fc53,lc53,Client
6205,fc54,lc54,Client
6206,fc55,lc55,Client
6207,fc56,lc56,Client
6208,fc57,lc57,Client
6209,fc58,lc58,Client
6210,fc59,lc59,Client
6211,fc60,lc60,Client
6212,fc61,lc61,Client
6213,fc62,lc62,Client
6214,fc63,lc63,Client
6215,fc64,lc64,Client
6216,fc65,lc65,Client
6217,fc66,lc66,Client
6218,fc67,lc67,Client
6219,fc68,lc68,Client
6220,fc69,lc69,Client
6221,fc70,lc70,Client
6222,fc71,lc71,Client
6223,fc72,lc72,Client
6224,fc73,lc73,Client
6225,fc74,lc74,Client
6226,fc75,lc75,Client
6227,fc76,lc76,Client
6228,fc77,lc77,Client
6229,fc78,lc78,Client
6230,fc79,lc79,Client
6231,fc80,lc80,Client
6232,fc81,lc81,Client
6233,fc82,lc82,Client
6234,fc83,lc83,Client
6235,fc84,lc84,Client
6236,fc85,lc85,Client
6237,fc86,lc86,Client
6238,fc87,lc87,Client
6239,fc88,lc88,Client
6240,fc89,lc89,Client
6241,fc90,lc90,Client
6242,fc91,lc91,Client
6243,fc92,lc92,Client
6244,fc93,lc93,Client
6245,fc94,lc94,Client
6246,fc95,lc95,Client
6247,fc96,lc96,Client
6248,fc97,lc97,Client
6249,fc98,lc98,Client
6250,fc99,lc99,Client
6251,fc100,lc100,Client
6252,fc101,lc101,Client
6253,fc102,lc102,Client
6254,fc103,lc103,Client
6255,fc104,lc104,Client
6256,fc105,lc105,Client
6257,fc106,lc106,Client
6258,fc107,lc107,Client
6259,fc108,lc108,Client
6260,fc109,lc109,Client
6261,fc110,lc110,Client
6262,fc111,lc111,Client
6263,fc112,lc112,Client
6264,fc113,lc113,Client
6265,fc114,lc114,Client
6266,fc115,lc115,Client
6267,fc116,lc116,Client
6268,fc117,lc117,Client
6269,fc118,lc118,Client
6270,fc119,lc119,Client
6271,fc120,lc120,Client
6272,fc121,lc121,Client
6273,fc122,lc122,Client
6274,fc123,lc123,Client
6275,fc124,lc124,Client
6276,fc125,lc125,Client
6277,fc126,lc126,Client
6278,fc127,lc127,Client
6279,fc128,lc128,Client
6280,fc129,lc129,Client
6281,fc130,lc130,Client
6282,fc131,lc131,Client
6283,fc132,lc132,Client
6284,fc133,lc133,Client
6285,fc134,lc134,Client
6286,fc135,lc135,Client
6287,fc136,lc136,Client
6288,fc137,lc137,Client
6289,fc138,lc138,Client
6290,fc139,lc139,Client
6291,fc140,lc140,Client
6292,fc141,lc141,Client
6293,fc142,lc142,Client
6294,fc143,lc143,Client
6295,fc144,lc144,Client
6296,fc145,lc145,Client
6297,fc146,lc146,Client
6298,fc147,lc147,Client
6299,fc148,lc148,Client
6300,fc149,lc149,Client
6301,fc150,lc150,Client
6302,fc151,lc151,Client
6303,fc152,lc152,Client
6304,fc153,lc153,Client
6305,fc154,lc154,Client
6306,fc155,lc155,Client
6307,fc156,lc156,Client
6308,fc157,lc157,Client
6309,fc158,lc158,Client
6310,fc159,lc159,Client
6311,fc160,lc160,Client
6312,fc161,lc161,Client
6313,fc162,lc162,Client
6314,fc163,lc163,Client
6315,fc164,lc164,Client
6316,fc165,lc165,Client
6317,fc166,lc166,Client
6318,fc167,lc167,Client
6319,fc168,lc168,Client
6320,fc169,lc169,Client
6321,fc170,lc170,Client
6322,fc171,lc171,Client
6323,fc172,lc172,Client
6324,fc173,lc173,Client
6325,fc174,lc174,Client
6326,fc175,lc175,Client
6327,fc176,lc176,Client
6328,fc177,lc177,Client
6329,fc178,lc178,Client
6330,fc179,lc179,Client
6331,fc180,lc180,Client
6332,fc181,lc181,Client
6333,fc182,lc182,Client
6334,fc183,lc183,Client
6335,fc184,lc184,Client
6336,fc185,lc185,Client
6337,fc186,lc186,Client
6338,fc187,lc187,Client
6339,fc188,lc188,Client
6340,fc189,lc189,Client
6341,fc190,lc190,Client
6342,fc191,lc191,Client
6343,fc192,lc192,Client
6344,fc193,lc193,Client
6345,fc194,lc194,Client
6346,fc195,lc195,Client
6347,fc196,lc196,Client
6348,fc197,lc197,Client
6349,fc198,lc198,Client
6350,fc199,lc199,Client
6351,fc200,lc200,Client
6352,fc201,lc201,Client
6353,fc202,lc202,Client
6354,fc203,lc203,Client
6355,fc204,lc204,Client
6356,fc205,lc205,Client
6357,fc206,lc206,Client
6358,fc207,lc207,Client
6359,fc208,lc208,Client
6360,fc209,lc209,Client
6361,fc210,lc210,Client
6362,fc211,lc211,Client
6363,fc212,lc212,Client
6364,fc213,lc213,Client
6365,fc214,lc214,Client
6366,fc215,lc215,Client
6367,fc216,lc216,Client
6368,fc217,lc217,Client
6369,fc218,lc218,Client
6370,fc219,lc219,Client
6371,fc220,lc220,Client
6372,fc221,lc221,Client
6373,fc222,lc222,Client
6374,fc223,lc223,Client
6375,fc224,lc224,Client
6376,fc225,lc225,Client
6377,fc226,lc226,Client
6378,fc227,lc227,Client
6379,fc228,lc228,Client
6380,fc229,lc229,Client
6381,fc230,lc230,Client
6382,fc231,lc231,Client
6383,fc232,lc232,Client
6384,fc233,lc233,Client
6385,fc234,lc234,Client
6386,fc235,lc235,Client
6387,fc236,lc236,Client
6388,fc237,lc237,Client
6389,fc238,lc238,Client
6390,fc239,lc239,Client
6391,fc240,lc240,Client
6392,fc241,lc241,Client
6393,fc242,lc242,Client
6394,fc243,lc243,Client
6395,fc244,lc244,Client
6396,fc245,lc245,Client
6397,fc246,lc246,Client
6398,fc247,lc247,Client
6399,fc248,lc248,Client
6400,fc249,lc249,Client
6401,fc250,lc250,Client
6402,fc251,lc251,Client
6403,fc252,lc252,Client
6404,fc253,lc253,Client
6405,fc254,lc254,Client
6406,fc255,lc255,Client
6407,fc256,lc256,Client
6408,fc257,lc257,Client
6409,fc258,lc258,Client
6410,fc259,lc259,Client
6411,fc260,lc260,Client
6412,fc261,lc261,Client
6413,fc262,lc262,Client
6414,fc263,lc263,Client
6415,fc264,lc264,Client
6416,fc265,lc265,Client
6417,fc266,lc266,Client
6418,fc267,lc267,Client
6419,fc268,lc268,Client
6420,fc269,lc269,Client
6421,fc270,lc270,Client
6422,fc271,lc271,Client
6423,fc272,lc272,Client
6424,fc273,lc273,Client
6425,fc274,lc274,Client
6426,fc275,lc275,Client
6427,fc276,lc276,Client
6428,fc277,lc277,Client
6429,fc278,lc278,Client
6430,fc279,lc279,Client
6431,fc280,lc280,Client
6432,fc281,lc281,Client
6433,fc282,lc282,Client
6434,fc283,lc283,Client
6435,fc284,lc284,Client
6436,fc285,lc285,Client
6437,fc286,lc286,Client
6438,fc287,lc287,Client
6439,fc288,lc288,Client
6440,fc289,lc289,Client
6441,fc290,lc290,Client
6442,fc291,lc291,Client
6443,fc292,lc292,Client
6444,fc293,lc293,Client
6445,fc294,lc294,Client
6446,fc295,lc295,Client
6447,fc296,lc296,Client
6448,fc297,lc297,Client
6449,fc298,lc298,Client
6450,fc299,lc299,Client
6451,fc300,lc300,Client
6452,fc301,lc301,Client
6453,fc302,lc302,Client
6454,fc303,lc303,Client
6455,fc304,lc304,Client
6456,fc305,lc305,Client
6457,fc306,lc306,Client
6458,fc307,lc307,Client
6459,fc308,lc308,Client
6460,fc309,lc309,Client
6461,fc310,lc310,Client
6462,fc311,lc311,Client
6463,fc312,lc312,Client
6464,fc313,lc313,Client
6465,fc314,lc314,Client
6466,fc315,lc315,Client
6467,fc316,lc316,Client
6468,fc317,lc317,Client
6469,fc318,lc318,Client
6470,fc319,lc319,Client
6471,fc320,lc320,Client
6472,fc321,lc321,Client
6473,fc322,lc322,Client
6474,fc323,lc323,Client
6475,fc324,lc324,Client
6476,fc325,lc325,Client
6477,fc326,lc326,Client
6478,fc327,lc327,Client
6479,fc328,lc328,Client
6480,fc329,lc329,Client
6481,fc330,lc330,Client
6482,fc331,lc331,Client
6483,fc332,lc332,Client
6484,fc333,lc333,Client
6485,fc334,lc334,Client
6486,fc335,lc335,Client
6487,fc336,lc336,Client
6488,fc337,lc337,Client
6489,fc338,lc338,Client
6490,fc339,lc339,Client
6491,fc340,lc340,Client
6492,fc341,lc341,Client
6493,fc342,lc342,Client
6494,fc343,lc343,Client
6495,fc344,lc344,Client
6496,fc345,lc345,Client
6497,fc346,lc346,Client
6498,fc347,lc347,Client
6499,fc348,lc348,Client
6500,fc349,lc349,Client
6501,fc350,lc350,Client
6502,fc351,lc351,Client
6503,fc352,lc352,Client
6504,fc353,lc353,Client
6505,fc354,lc354,Client
6506,fc355,lc355,Client
6507,fc356,lc356,Client
6508,fc357,lc357,Client
6509,fc358,lc358,Client
6510,fc359,lc359,Client
6511,fc360,lc360,Client
6512,fc361,lc361,Client
6513,fc362,lc362,Client
6514,fc363,lc363,Client
6515,fc364,lc364,Client
6516,fc365,lc365,Client
6517,fc366,lc366,Client
6518,fc367,lc367,Client
6519,fc368,lc368,Client
6520,fc369,lc369,Client
6521,fc370,lc370,Client
6522,fc371,lc371,Client
6523,fc372,lc372,Client
6524,fc373,lc373,Client
6525,fc374,lc374,Client
6526,fc375,lc375,Client
6527,fc376,lc376,Client
6528,fc377,lc377,Client
6529,fc378,lc378,Client
6530,fc379,lc379,Client
6531,fc380,lc380,Client
6532,fc381,lc381,Client
6533,fc382,lc382,Client
6534,fc383,lc383,Client
6535,fc384,lc384,Client
6536,fc385,lc385,Client
6537,fc386,lc386,Client
6538,fc387,lc387,Client
6539,fc388,lc388,Client
6540,fc389,lc389,Client
6541,fc390,lc390,Client
6542,fc391,lc391,Client
6543,fc392,lc392,Client
6544,fc393,lc393,Client
6545,fc394,lc394,Client
6546,fc395,lc395,Client
6547,fc396,lc396,Client
6548,fc397,lc397,Client
6549,fc398,lc398,Client
6550,fc399,lc399,Client
6551,fc400,lc400,Client
6552,fc401,lc401,Client
6553,fc402,lc402,Client
6554,fc403,lc403,Client
6555,fc404,lc404,Client
6556,fc405,lc405,Client
6557,fc406,lc406,Client
6558,fc407,lc407,Client
6559,fc408,lc408,Client
6560,fc409,lc409,Client
6561,fc410,lc410,Client
6562,fc411,lc411,Client
6563,fc412,lc412,Client
6564,fc413,lc413,Client
6565,fc414,lc414,Client
6566,fc415,lc415,Client
6567,fc416,lc416,Client
6568,fc417,lc417,Client
6569,fc418,lc418,Client
6570,fc419,lc419,Client
6571,fc420,lc420,Client
6572,fc421,lc421,Client
6573,fc422,lc422,Client
6574,fc423,lc423,Client
6575,fc424,lc424,Client
6576,fc425,lc425,Client
6577,fc426,lc426,Client
6578,fc427,lc427,Client
6579,fc428,lc428,Client
6580,fc429,lc429,Client
6581,fc430,lc430,Client
6582,fc431,lc431,Client
6583,fc432,lc432,Client
6584,fc433,lc433,Client
6585,fc434,lc434,Client
6586,fc435,lc435,Client
6587,fc436,lc436,Client
6588,fc437,lc437,Client
6589,fc438,lc438,Client
6590,fc439,lc439,Client
6591,fc440,lc440,Client
6592,fc441,lc441,Client
6593,fc442,lc442,Client
6594,fc443,lc443,Client
6595,fc444,lc444,Client
6596,fc445,lc445,Client
6597,fc446,lc446,Client
6598,fc447,lc447,Client
6599,fc448,lc448,Client
6600,fc449,lc449,Client
6601,fc450,lc450,Client
6602,fc451,lc451,Client
6603,fc452,lc452,Client
6604,fc453,lc453,Client
6605,fc454,lc454,Client
6606,fc455,lc455,Client
6607,fc456,lc456,Client
6608,fc457,lc457,Client
6609,fc458,lc458,Client
6610,fc459,lc459,Client
6611,fc460,lc460,Client
6612,fc461,lc461,Client
6613,fc462,lc462,Client
6614,fc463,lc463,Client
6615,fc464,lc464,Client
6616,fc465,lc465,Client
6617,fc466,lc466,Client
6618,fc467,lc467,Client
6619,fc468,lc468,Client
6620,fc469,lc469,Client
6621,fc470,lc470,Client
6622,fc471,lc471,Client
6623,fc472,lc472,Client
6624,fc473,lc473,Client
6625,fc474,lc474,Client
6626,fc475,lc475,Client
6627,fc476,lc476,Client
6628,fc477,lc477,Client
6629,fc478,lc478,Client
6630,fc479,lc479,Client
6631,fc480,lc480,Client
6632,fc481,lc481,Client
6633,fc482,lc482,Client
6634,fc483,lc483,Client
6635,fc484,lc484,Client
6636,fc485,lc485,Client
6637,fc486,lc486,Client
6638,fc487,lc487,Client
6639,fc488,lc488,Client
6640,fc489,lc489,Client
6641,fc490,lc490,Client
6642,fc491,lc491,Client
6643,fc492,lc492,Client
6644,fc493,lc493,Client
6645,fc494,lc494,Client
6646,fc495,lc495,Client
6647,fc496,lc496,Client
6648,fc497,lc497,Client
6649,fc498,lc498,Client
6650,fc499,lc499,Client
6651,fc500,lc500,Client
6652,fc501,lc501,Client
6653,fc502,lc502,Client
6654,fc503,lc503,Client
6655,fc504,lc504,Client
6656,fc505,lc505,Client
6657,fc506,lc506,Client
6658,fc507,lc507,Client
6659,fc508,lc508,Client
6660,fc509,lc509,Client
6661,fc510,lc510,Client
6662,fc511,lc511,Client
6663,fc512,lc512,Client
6664,fc513,lc513,Client
6665,fc514,lc514,Client
6666,fc515,lc515,Client
6667,fc516,lc516,Client
6668,fc517,lc517,Client
6669,fc518,lc518,Client
6670,fc519,lc519,Client
6671,fc520,lc520,Client
6672,fc521,lc521,Client
6673,fc522,lc522,Client
6674,fc523,lc523,Client
6675,fc524,lc524,Client
6676,fc525,lc525,Client
6677,fc526,lc526,Client
6678,fc527,lc527,Client
6679,fc528,lc528,Client
6680,fc529,lc529,Client
6681,fc530,lc530,Client
6682,fc531,lc531,Client
6683,fc532,lc532,Client
6684,fc533,lc533,Client
6685,fc534,lc534,Client
6686,fc535,lc535,Client
6687,fc536,lc536,Client
6688,fc537,lc537,Client
6689,fc538,lc538,Client
6690,fc539,lc539,Client
6691,fc540,lc540,Client
6692,fc541,lc541,Client
6693,fc542,lc542,Client
6694,fc543,lc543,Client
6695,fc544,lc544,Client
6696,fc545,lc545,Client
6697,fc546,lc546,Client
6698,fc547,lc547,Client
6699,fc548,lc548,Client
6700,fc549,lc549,Client
6701,fc550,lc550,Client
6702,fc551,lc551,Client
6703,fc552,lc552,Client
6704,fc553,lc553,Client
6705,fc554,lc554,Client
6706,fc555,lc555,Client
6707,fc556,lc556,Client
6708,fc557,lc557,Client
6709,fc558,lc558,Client
6710,fc559,lc559,Client
6711,fc560,lc560,Client
6712,fc561,lc561,Client
6713,fc562,lc562,Client
6714,fc563,lc563,Client
6715,fc564,lc564,Client
6716,fc565,lc565,Client
6717,fc566,lc566,Client
6718,fc567,lc567,Client
6719,fc568,lc568,Client
6720,fc569,lc569,Client
6721,fc570,lc570,Client
6722,fc571,lc571,Client
6723,fc572,lc572,Client
6724,fc573,lc573,Client
6725,fc574,lc574,Client
6726,fc575,lc575,Client
6727,fc576,lc576,Client
6728,fc577,lc577,Client
6729,fc578,lc578,Client
6730,fc579,lc579,Client
6731,fc580,lc580,Client
6732,fc581,lc581,Client
6733,fc582,lc582,Client
6734,fc583,lc583,Client
6735,fc584,lc584,Client
6736,fc585,lc585,Client
6737,fc586,lc586,Client
6738,fc587,lc587,Client
6739,fc588,lc588,Client
6740,fc589,lc589,Client
6741,fc590,lc590,Client
6742,fc591,lc591,Client
6743,fc592,lc592,Client
6744,fc593,lc593,Client
6745,fc594,lc594,Client
6746,fc595,lc595,Client
6747,fc596,lc596,Client
6748,fc597,lc597,Client
6749,fc598,lc598,Client
6750,fc599,lc599,Client
6751,fc600,lc600,Client
6752,fc601,lc601,Client
6753,fc602,lc602,Client
6754,fc603,lc603,Client
6755,fc604,lc604,Client
6756,fc605,lc605,Client
6757,fc606,lc606,Client
6758,fc607,lc607,Client
6759,fc608,lc608,Client
6760,fc609,lc609,Client
6761,fc610,lc610,Client
6762,fc611,lc611,Client
6763,fc612,lc612,Client
6764,fc613,lc613,Client
6765,fc614,lc614,Client
6766,fc615,lc615,Client
6767,fc616,lc616,Client
6768,fc617,lc617,Client
6769,fc618,lc618,Client
6770,fc619,lc619,Client
6771,fc620,lc620,Client
6772,fc621,lc621,Client
6773,fc622,lc622,Client
6774,fc623,lc623,Client
6775,fc624,lc624,Client
6776,fc625,lc625,Client
6777,fc626,lc626,Client
6778,fc627,lc627,Client
6779,fc628,lc628,Client
6780,fc629,lc629,Client
6781,fc630,lc630,Client
6782,fc631,lc631,Client
6783,fc632,lc632,Client
6784,fc633,lc633,Client
6785,fc634,lc634,Client
6786,fc635,lc635,Client
6787,fc636,lc636,Client
6788,fc637,lc637,Client
6789,fc638,lc638,Client
6790,fc639,lc639,Client
6791,fc640,lc640,Client
6792,fc641,lc641,Client
6793,fc642,lc642,Client
6794,fc643,lc643,Client
6795,fc644,lc644,Client
6796,fc645,lc645,Client
6797,fc646,lc646,Client
6798,fc647,lc647,Client
6799,fc648,lc648,Client
6800,fc649,lc649,Client
6801,fc650,lc650,Client
6802,fc651,lc651,Client
6803,fc652,lc652,Client
6804,fc653,lc653,Client
6805,fc654,lc654,Client
6806,fc655,lc655,Client
6807,fc656,lc656,Client
6808,fc657,lc657,Client
6809,fc658,lc658,Client
6810,fc659,lc659,Client
6811,fc660,lc660,Client
6812,fc661,lc661,Client
6813,fc662,lc662,Client
6814,fc663,lc663,Client
6815,fc664,lc664,Client
6816,fc665,lc665,Client
6817,fc666,lc666,Client
6818,fc667,lc667,Client
6819,fc668,lc668,Client
6820,fc669,lc669,Client
6821,fc670,lc670,Client
6822,fc671,lc671,Client
6823,fc672,lc672,Client
6824,fc673,lc673,Client
6825,fc674,lc674,Client
6826,fc675,lc675,Client
6827,fc676,lc676,Client
6828,fc677,lc677,Client
6829,fc678,lc678,Client
6830,fc679,lc679,Client
6831,fc680,lc680,Client
6832,fc681,lc681,Client
6833,fc682,lc682,Client
6834,fc683,lc683,Client
6835,fc684,lc684,Client
6836,fc685,lc685,Client
6837,fc686,lc686,Client
6838,fc687,lc687,Client
6839,fc688,lc688,Client
6840,fc689,lc689,Client
6841,fc690,lc690,Client
6842,fc691,lc691,Client
6843,fc692,lc692,Client
6844,fc693,lc693,Client
6845,fc694,lc694,Client
6846,fc695,lc695,Client
6847,fc696,lc696,Client
6848,fc697,lc697,Client
6849,fc698,lc698,Client
6850,fc699,lc699,Client
6851,fc700,lc700,Client
6852,fc701,lc701,Client
6853,fc702,lc702,Client
6854,fc703,lc703,Client
6855,fc704,lc704,Client
6856,fc705,lc705,Client
6857,fc706,lc706,Client
6858,fc707,lc707,Client
6859,fc708,lc708,Client
6860,fc709,lc709,Client
6861,fc710,lc710,Client
6862,fc711,lc711,Client
6863,fc712,lc712,Client
6864,fc713,lc713,Client
6865,fc714,lc714,Client
6866,fc715,lc715,Client
6867,fc716,lc716,Client
6868,fc717,lc717,Client
6869,fc718,lc718,Client
6870,fc719,lc719,Client
6871,fc720,lc720,Client
6872,fc721,lc721,Client
6873,fc722,lc722,Client
6874,fc723,lc723,Client
6875,fc724,lc724,Client
6876,fc725,lc725,Client
6877,fc726,lc726,Client
6878,fc727,lc727,Client
6879,fc728,lc728,Client
6880,fc729,lc729,Client
6881,fc730,lc730,Client
6882,fc731,lc731,Client
6883,fc732,lc732,Client
6884,fc733,lc733,Client
6885,fc734,lc734,Client
6886,fc735,lc735,Client
6887,fc736,lc736,Client
6888,fc737,lc737,Client
6889,fc738,lc738,Client
6890,fc739,lc739,Client
6891,fc740,lc740,Client
6892,fc741,lc741,Client
6893,fc742,lc742,Client
6894,fc743,lc743,Client
6895,fc744,lc744,Client
6896,fc745,lc745,Client
6897,fc746,lc746,Client
6898,fc747,lc747,Client
6899,fc748,lc748,Client
6900,fc749,lc749,Client
6901,fc750,lc750,Client
6902,fc751,lc751,Client
6903,fc752,lc752,Client
6904,fc753,lc753,Client
6905,fc754,lc754,Client
6906,fc755,lc755,Client
6907,fc756,lc756,Client
6908,fc757,lc757,Client
6909,fc758,lc758,Client
6910,fc759,lc759,Client
6911,fc760,lc760,Client
6912,fc761,lc761,Client
6913,fc762,lc762,Client
6914,fc763,lc763,Client
6915,fc764,lc764,Client
6916,fc765,lc765,Client
6917,fc766,lc766,Client
6918,fc767,lc767,Client
6919,fc768,lc768,Client
6920,fc769,lc769,Client
6921,fc770,lc770,Client
6922,fc771,lc771,Client
6923,fc772,lc772,Client
6924,fc773,lc773,Client
6925,fc774,lc774,Client
6926,fc775,lc775,Client
6927,fc776,lc776,Client
6928,fc777,lc777,Client
6929,fc778,lc778,Client
6930,fc779,lc779,Client
6931,fc780,lc780,Client
6932,fc781,lc781,Client
6933,fc782,lc782,Client
6934,fc783,lc783,Client
6935,fc784,lc784,Client
6936,fc785,lc785,Client
6937,fc786,lc786,Client
6938,fc787,lc787,Client
6939,fc788,lc788,Client
6940,fc789,lc789,Client
6941,fc790,lc790,Client
6942,fc791,lc791,Client
6943,fc792,lc792,Client
6944,fc793,lc793,Client
6945,fc794,lc794,Client
6946,fc795,lc795,Client
6947,fc796,lc796,Client
6948,fc797,lc797,Client
6949,fc798,lc798,Client
6950,fc799,lc799,Client
6951,fc800,lc800,Client
6952,fc801,lc801,Client
6953,fc802,lc802,Client
6954,fc803,lc803,Client
6955,fc804,lc804,Client
6956,fc805,lc805,Client
6957,fc806,lc806,Client
6958,fc807,lc807,Client
6959,fc808,lc808,Client
6960,fc809,lc809,Client
6961,fc810,lc810,Client
6962,fc811,lc811,Client
6963,fc812,lc812,Client
6964,fc813,lc813,Client
6965,fc814,lc814,Client
6966,fc815,lc815,Client
6967,fc816,lc816,Client
6968,fc817,lc817,Client
6969,fc818,lc818,Client
6970,fc819,lc819,Client
6971,fc820,lc820,Client
6972,fc821,lc821,Client
6973,fc822,lc822,Client
6974,fc823,lc823,Client
6975,fc824,lc824,Client
6976,fc825,lc825,Client
6977,fc826,lc826,Client
6978,fc827,lc827,Client
6979,fc828,lc828,Client
6980,fc829,lc829,Client
6981,fc830,lc830,Client
6982,fc831,lc831,Client
6983,fc832,lc832,Client
6984,fc833,lc833,Client
6985,fc834,lc834,Client
6986,fc835,lc835,Client
6987,fc836,lc836,Client
6988,fc837,lc837,Client
6989,fc838,lc838,Client
6990,fc839,lc839,Client
6991,fc840,lc840,Client
6992,fc841,lc841,Client
6993,fc842,lc842,Client
6994,fc843,lc843,Client
6995,fc844,lc844,Client
6996,fc845,lc845,Client
6997,fc846,lc846,Client
6998,fc847,lc847,Client
6999,fc848,lc848,Client
7000,fc849,lc849,Client
7001,fc850,lc850,Client
7002,fc851,lc851,Client
7003,fc852,lc852,Client
7004,fc853,lc853,Client
7005,fc854,lc854,Client
7006,fc855,lc855,Client
7007,fc856,lc856,Client
7008,fc857,lc857,Client
7009,fc858,lc858,Client
7010,fc859,lc859,Client
7011,fc860,lc860,Client
7012,fc861,lc861,Client
7013,fc862,lc862,Client
7014,fc863,lc863,Client
7015,fc864,lc864,Client
7016,fc865,lc865,Client
7017,fc866,lc866,Client
7018,fc867,lc867,Client
7019,fc868,lc868,Client
7020,fc869,lc869,Client
7021,fc870,lc870,Client
7022,fc871,lc871,Client
7023,fc872,lc872,Client
7024,fc873,lc873,Client
7025,fc874,lc874,Client
7026,fc875,lc875,Client
7027,fc876,lc876,Client
7028,fc877,lc877,Client
7029,fc878,lc878,Client
7030,fc879,lc879,Client
7031,fc880,lc880,Client
7032,fc881,lc881,Client
7033,fc882,lc882,Client
7034,fc883,lc883,Client
7035,fc884,lc884,Client
7036,fc885,lc885,Client
7037,fc886,lc886,Client
7038,fc887,lc887,Client
7039,fc888,lc888,Client
7040,fc889,lc889,Client
7041,fc890,lc890,Client
7042,fc891,lc891,Client
7043,fc892,lc892,Client
7044,fc893,lc893,Client
7045,fc894,lc894,Client
7046,fc895,lc895,Client
7047,fc896,lc896,Client
7048,fc897,lc897,Client
7049,fc898,lc898,Client
7050,fc899,lc899,Client
7051,fc900,lc900,Client
7052,fc901,lc901,Client
7053,fc902,lc902,Client
7054,fc903,lc903,Client
7055,fc904,lc904,Client
7056,fc905,lc905,Client
7057,fc906,lc906,Client
7058,fc907,lc907,Client
7059,fc908,lc908,Client
7060,fc909,lc909,Client
7061,fc910,lc910,Client
7062,fc911,lc911,Client
7063,fc912,lc912,Client
7064,fc913,lc913,Client
7065,fc914,lc914,Client
7066,fc915,lc915,Client
7067,fc916,lc916,Client
7068,fc917,lc917,Client
7069,fc918,lc918,Client
7070,fc919,lc919,Client
7071,fc920,lc920,Client
7072,fc921,lc921,Client
7073,fc922,lc922,Client
7074,fc923,lc923,Client
7075,fc924,lc924,Client
7076,fc925,lc925,Client
7077,fc926,lc926,Client
7078,fc927,lc927,Client
7079,fc928,lc928,Client
7080,fc929,lc929,Client
7081,fc930,lc930,Client
7082,fc931,lc931,Client
7083,fc932,lc932,Client
7084,fc933,lc933,Client
7085,fc934,lc934,Client
7086,fc935,lc935,Client
7087,fc936,lc936,Client
7088,fc937,lc937,Client
7089,fc938,lc938,Client
7090,fc939,lc939,Client
7091,fc940,lc940,Client
7092,fc941,lc941,Client
7093,fc942,lc942,Client
7094,fc943,lc943,Client
7095,fc944,lc944,Client
7096,fc945,lc945,Client
7097,fc946,lc946,Client
7098,fc947,lc947,Client
7099,fc948,lc948,Client
7100,fc949,lc949,Client
7101,fc950,lc950,Client
7102,fc951,lc951,Client
7103,fc952,lc952,Client
7104,fc953,lc953,Client
7105,fc954,lc954,Client
7106,fc955,lc955,Client
7107,fc956,lc956,Client
7108,fc957,lc957,Client
7109,fc958,lc958,Client
7110,fc959,lc959,Client
7111,fc960,lc960,Client
7112,fc961,lc961,Client
7113,fc962,lc962,Client
7114,fc963,lc963,Client
7115,fc964,lc964,Client
7116,fc965,lc965,Client
7117,fc966,lc966,Client
7118,fc967,lc967,Client
7119,fc968,lc968,Client
7120,fc969,lc969,Client
7121,fc970,lc970,Client
7122,fc971,lc971,Client
7123,fc972,lc972,Client
7124,fc973,lc973,Client
7125,fc974,lc974,Client
7126,fc975,lc975,Client
7127,fc976,lc976,Client
7128,fc977,lc977,Client
7129,fc978,lc978,Client
7130,fc979,lc979,Client
7131,fc980,lc980,Client
7132,fc981,lc981,Client
7133,fc982,lc982,Client
7134,fc983,lc983,Client
7135,fc984,lc984,Client
7136,fc985,lc985,Client
7137,fc986,lc986,Client
7138,fc987,lc987,Client
7139,fc988,lc988,Client
7140,fc989,lc989,Client
7141,fc990,lc990,Client
7142,fc991,lc991,Client
7143,fc992,lc992,Client
7144,fc993,lc993,Client
7145,fc994,lc994,Client
7146,fc995,lc995,Client
7147,fc996,lc996,Client
7148,fc997,lc997,Client
7149,fc998,lc998,Client
7150,fc999,lc999,Client
7151,fc1000,lc1000,Client
7152,fc1001,lc1001,Client
7153,fc1002,lc1002,Client
7154,fc1003,lc1003,Client
7155,fc1004,lc1004,Client
7156,fc1005,lc1005,Client
7157,fc1006,lc1006,Client
7158,fc1007,lc1007,Client
7159,fc1008,lc1008,Client
7160,fc1009,lc1009,Client
7161,fc1010,lc1010,Client
7162,fc1011,lc1011,Client
7163,fc1012,lc1012,Client
7164,fc1013,lc1013,Client
7165,fc1014,lc1014,Client
7166,fc1015,lc1015,Client
7167,fc1016,lc1016,Client
7168,fc1017,lc1017,Client
7169,fc1018,lc1018,Client
7170,fc1019,lc1019,Client
7171,fc1020,lc1020,Client
7172,fc1021,lc1021,Client
7173,fc1022,lc1022,Client
7174,fc1023,lc1023,Client
7175,fc1024,lc1024,Client
7176,fc1025,lc1025,Client
7177,fc1026,lc1026,Client
7178,fc1027,lc1027,Client
7179,fc1028,lc1028,Client
7180,fc1029,lc1029,Client
7181,fc1030,lc1030,Client
7182,fc1031,lc1031,Client
7183,fc1032,lc1032,Client
7184,fc1033,lc1033,Client
7185,fc1034,lc1034,Client
7186,fc1035,lc1035,Client
7187,fc1036,lc1036,Client
7188,fc1037,lc1037,Client
7189,fc1038,lc1038,Client
7190,fc1039,lc1039,Client
7191,fc1040,lc1040,Client
7192,fc1041,lc1041,Client
7193,fc1042,lc1042,Client
7194,fc1043,lc1043,Client
7195,fc1044,lc1044,Client
7196,fc1045,lc1045,Client
7197,fc1046,lc1046,Client
7198,fc1047,lc1047,Client
7199,fc1048,lc1048,Client
7200,fc1049,lc1049,Client
7201,fc1050,lc1050,Client
7202,fc1051,lc1051,Client
7203,fc1052,lc1052,Client
7204,fc1053,lc1053,Client
7205,fc1054,lc1054,Client
7206,fc1055,lc1055,Client
7207,fc1056,lc1056,Client
7208,fc1057,lc1057,Client
7209,fc1058,lc1058,Client
7210,fc1059,lc1059,Client
7211,fc1060,lc1060,Client
7212,fc1061,lc1061,Client
7213,fc1062,lc1062,Client
7214,fc1063,lc1063,Client
7215,fc1064,lc1064,Client
7216,fc1065,lc1065,Client
7217,fc1066,lc1066,Client
7218,fc1067,lc1067,Client
7219,fc1068,lc1068,Client
7220,fc1069,lc1069,Client
7221,fc1070,lc1070,Client
7222,fc1071,lc1071,Client
7223,fc1072,lc1072,Client
7224,fc1073,lc1073,Client
7225,fc1074,lc1074,Client
7226,fc1075,lc1075,Client
7227,fc1076,lc1076,Client
7228,fc1077,lc1077,Client
7229,fc1078,lc1078,Client
7230,fc1079,lc1079,Client
7231,fc1080,lc1080,Client
7232,fc1081,lc1081,Client
7233,fc1082,lc1082,Client
7234,fc1083,lc1083,Client
7235,fc1084,lc1084,Client
7236,fc1085,lc1085,Client
7237,fc1086,lc1086,Client
7238,fc1087,lc1087,Client
7239,fc1088,lc1088,Client
7240,fc1089,lc1089,Client
7241,fc1090,lc1090,Client
7242,fc1091,lc1091,Client
7243,fc1092,lc1092,Client
7244,fc1093,lc1093,Client
7245,fc1094,lc1094,Client
7246,fc1095,lc1095,Client
7247,fc1096,lc1096,Client
7248,fc1097,lc1097,Client
7249,fc1098,lc1098,Client
7250,fc1099,lc1099,Client
7251,fc1100,lc1100,Client
7252,fc1101,lc1101,Client
7253,fc1102,lc1102,Client
7254,fc1103,lc1103,Client
7255,fc1104,lc1104,Client
7256,fc1105,lc1105,Client
7257,fc1106,lc1106,Client
7258,fc1107,lc1107,Client
7259,fc1108,lc1108,Client
7260,fc1109,lc1109,Client
7261,fc1110,lc1110,Client
7262,fc1111,lc1111,Client
7263,fc1112,lc1112,Client
7264,fc1113,lc1113,Client
7265,fc1114,lc1114,Client
7266,fc1115,lc1115,Client
7267,fc1116,lc1116,Client
7268,fc1117,lc1117,Client
7269,fc1118,lc1118,Client
7270,fc1119,lc1119,Client
7271,fc1120,lc1120,Client
7272,fc1121,lc1121,Client
7273,fc1122,lc1122,Client
7274,fc1123,lc1123,Client
7275,fc1124,lc1124,Client
7276,fc1125,lc1125,Client
7277,fc1126,lc1126,Client
7278,fc1127,lc1127,Client
7279,fc1128,lc1128,Client
7280,fc1129,lc1129,Client
7281,fc1130,lc1130,Client
7282,fc1131,lc1131,Client
7283,fc1132,lc1132,Client
7284,fc1133,lc1133,Client
7285,fc1134,lc1134,Client
7286,fc1135,lc1135,Client
7287,fc1136,lc1136,Client
7288,fc1137,lc1137,Client
7289,fc1138,lc1138,Client
7290,fc1139,lc1139,Client
7291,fc1140,lc1140,Client
7292,fc1141,lc1141,Client
7293,fc1142,lc1142,Client
7294,fc1143,lc1143,Client
7295,fc1144,lc1144,Client
7296,fc1145,lc1145,Client
7297,fc1146,lc1146,Client
7298,fc1147,lc1147,Client
7299,fc1148,lc1148,Client
7300,fc1149,lc1149,Client
7301,fc1150,lc1150,Client
7302,fc1151,lc1151,Client
7303,fc1152,lc1152,Client
7304,fc1153,lc1153,Client
7305,fc1154,lc1154,Client
7306,fc1155,lc1155,Client
7307,fc1156,lc1156,Client
7308,fc1157,lc1157,Client
7309,fc1158,lc1158,Client
7310,fc1159,lc1159,Client
7311,fc1160,lc1160,Client
7312,fc1161,lc1161,Client
7313,fc1162,lc1162,Client
7314,fc1163,lc1163,Client
7315,fc1164,lc1164,Client
7316,fc1165,lc1165,Client
7317,fc1166,lc1166,Client
7318,fc1167,lc1167,Client
7319,fc1168,lc1168,Client
7320,fc1169,lc1169,Client
7321,fc1170,lc1170,Client
7322,fc1171,lc1171,Client
7323,fc1172,lc1172,Client
7324,fc1173,lc1173,Client
7325,fc1174,lc1174,Client
7326,fc1175,lc1175,Client
7327,fc1176,lc1176,Client
7328,fc1177,lc1177,Client
7329,fc1178,lc1178,Client
7330,fc1179,lc1179,Client
7331,fc1180,lc1180,Client
7332,fc1181,lc1181,Client
7333,fc1182,lc1182,Client
7334,fc1183,lc1183,Client
7335,fc1184,lc1184,Client
7336,fc1185,lc1185,Client
7337,fc1186,lc1186,Client
7338,fc1187,lc1187,Client
7339,fc1188,lc1188,Client
7340,fc1189,lc1189,Client
7341,fc1190,lc1190,Client
7342,fc1191,lc1191,Client
7343,fc1192,lc1192,Client
7344,fc1193,lc1193,Client
7345,fc1194,lc1194,Client
7346,fc1195,lc1195,Client
7347,fc1196,lc1196,Client
7348,fc1197,lc1197,Client
7349,fc1198,lc1198,Client
7350,fc1199,lc1199,Client
7351,fc1200,lc1200,Client
7352,fc1201,lc1201,Client
7353,fc1202,lc1202,Client
7354,fc1203,lc1203,Client
7355,fc1204,lc1204,Client
7356,fc1205,lc1205,Client
7357,fc1206,lc1206,Client
7358,fc1207,lc1207,Client
7359,fc1208,lc1208,Client
7360,fc1209,lc1209,Client
7361,fc1210,lc1210,Client
7362,fc1211,lc1211,Client
7363,fc1212,lc1212,Client
7364,fc1213,lc1213,Client
7365,fc1214,lc1214,Client
7366,fc1215,lc1215,Client
7367,fc1216,lc1216,Client
7368,fc1217,lc1217,Client
7369,fc1218,lc1218,Client
7370,fc1219,lc1219,Client
7371,fc1220,lc1220,Client
7372,fc1221,lc1221,Client
7373,fc1222,lc1222,Client
7374,fc1223,lc1223,Client
7375,fc1224,lc1224,Client
7376,fc1225,lc1225,Client
7377,fc1226,lc1226,Client
7378,fc1227,lc1227,Client
7379,fc1228,lc1228,Client
7380,fc1229,lc1229,Client
7381,fc1230,lc1230,Client
7382,fc1231,lc1231,Client
7383,fc1232,lc1232,Client
7384,fc1233,lc1233,Client
7385,fc1234,lc1234,Client
7386,fc1235,lc1235,Client
7387,fc1236,lc1236,Client
7388,fc1237,lc1237,Client
7389,fc1238,lc1238,Client
7390,fc1239,lc1239,Client
7391,fc1240,lc1240,Client
7392,fc1241,lc1241,Client
7393,fc1242,lc1242,Client
7394,fc1243,lc1243,Client
7395,fc1244,lc1244,Client
7396,fc1245,lc1245,Client
7397,fc1246,lc1246,Client
7398,fc1247,lc1247,Client
7399,fc1248,lc1248,Client
7400,fc1249,lc1249,Client
