uid,first_name,last_name,years_of_experience,uid,dgraph.type
1351,fp0,lp0,1,713,Programmer
1352,fp1,lp1,2,727,Programmer
1353,fp2,lp2,3,1100,Programmer
1354,fp3,lp3,4,1036,Programmer
1355,fp4,lp4,5,875,Programmer
1356,fp5,lp5,6,1331,Programmer
1357,fp6,lp6,7,1286,Programmer
1358,fp7,lp7,8,1060,Programmer
1359,fp8,lp8,9,1292,Programmer
1360,fp9,lp9,10,1242,Programmer
1361,fp10,lp10,11,1247,Programmer
1362,fp11,lp11,1,833,Programmer
1363,fp12,lp12,2,875,Programmer
1364,fp13,lp13,3,1010,Programmer
1365,fp14,lp14,4,1182,Programmer
1366,fp15,lp15,5,819,Programmer
1367,fp16,lp16,6,916,Programmer
1368,fp17,lp17,7,1005,Programmer
1369,fp18,lp18,8,808,Programmer
1370,fp19,lp19,9,1194,Programmer
1371,fp20,lp20,10,1189,Programmer
1372,fp21,lp21,11,737,Programmer
1373,fp22,lp22,1,1126,Programmer
1374,fp23,lp23,2,821,Programmer
1375,fp24,lp24,3,1001,Programmer
1376,fp25,lp25,4,969,Programmer
1377,fp26,lp26,5,1113,Programmer
1378,fp27,lp27,6,751,Programmer
1379,fp28,lp28,7,1228,Programmer
1380,fp29,lp29,8,1232,Programmer
1381,fp30,lp30,9,976,Programmer
1382,fp31,lp31,10,794,Programmer
1383,fp32,lp32,11,885,Programmer
1384,fp33,lp33,1,1172,Programmer
1385,fp34,lp34,2,848,Programmer
1386,fp35,lp35,3,866,Programmer
1387,fp36,lp36,4,967,Programmer
1388,fp37,lp37,5,1051,Programmer
1389,fp38,lp38,6,1017,Programmer
1390,fp39,lp39,7,682,Programmer
1391,fp40,lp40,8,943,Programmer
1392,fp41,lp41,9,1326,Programmer
1393,fp42,lp42,10,1037,Programmer
1394,fp43,lp43,11,1209,Programmer
1395,fp44,lp44,1,713,Programmer
1396,fp45,lp45,2,1208,Programmer
1397,fp46,lp46,3,1211,Programmer
1398,fp47,lp47,4,1110,Programmer
1399,fp48,lp48,5,969,Programmer
1400,fp49,lp49,6,1269,Programmer
1401,fp50,lp50,7,729,Programmer
1402,fp51,lp51,8,842,Programmer
1403,fp52,lp52,9,1210,Programmer
1404,fp53,lp53,10,1236,Programmer
1405,fp54,lp54,11,997,Programmer
1406,fp55,lp55,1,1266,Programmer
1407,fp56,lp56,2,694,Programmer
1408,fp57,lp57,3,997,Programmer
1409,fp58,lp58,4,1240,Programmer
1410,fp59,lp59,5,808,Programmer
1411,fp60,lp60,6,993,Programmer
1412,fp61,lp61,7,716,Programmer
1413,fp62,lp62,8,1326,Programmer
1414,fp63,lp63,9,766,Programmer
1415,fp64,lp64,10,1258,Programmer
1416,fp65,lp65,11,1016,Programmer
1417,fp66,lp66,1,1337,Programmer
1418,fp67,lp67,2,999,Programmer
1419,fp68,lp68,3,1050,Programmer
1420,fp69,lp69,4,1068,Programmer
1421,fp70,lp70,5,1217,Programmer
1422,fp71,lp71,6,690,Programmer
1423,fp72,lp72,7,891,Programmer
1424,fp73,lp73,8,832,Programmer
1425,fp74,lp74,9,1215,Programmer
1426,fp75,lp75,10,1141,Programmer
1427,fp76,lp76,11,1138,Programmer
1428,fp77,lp77,1,996,Programmer
1429,fp78,lp78,2,791,Programmer
1430,fp79,lp79,3,899,Programmer
1431,fp80,lp80,4,677,Programmer
1432,fp81,lp81,5,693,Programmer
1433,fp82,lp82,6,1020,Programmer
1434,fp83,lp83,7,819,Programmer
1435,fp84,lp84,8,1084,Programmer
1436,fp85,lp85,9,977,Programmer
1437,fp86,lp86,10,964,Programmer
1438,fp87,lp87,11,1008,Programmer
1439,fp88,lp88,1,728,Programmer
1440,fp89,lp89,2,1241,Programmer
1441,fp90,lp90,3,944,Programmer
1442,fp91,lp91,4,1309,Programmer
1443,fp92,lp92,5,1207,Programmer
1444,fp93,lp93,6,785,Programmer
1445,fp94,lp94,7,1142,Programmer
1446,fp95,lp95,8,830,Programmer
1447,fp96,lp96,9,709,Programmer
1448,fp97,lp97,10,1336,Programmer
1449,fp98,lp98,11,775,Programmer
1450,fp99,lp99,1,995,Programmer
1451,fp100,lp100,2,1316,Programmer
1452,fp101,lp101,3,939,Programmer
1453,fp102,lp102,4,1324,Programmer
1454,fp103,lp103,5,1254,Programmer
1455,fp104,lp104,6,1070,Programmer
1456,fp105,lp105,7,1066,Programmer
1457,fp106,lp106,8,759,Programmer
1458,fp107,lp107,9,882,Programmer
1459,fp108,lp108,10,1206,Programmer
1460,fp109,lp109,11,921,Programmer
1461,fp110,lp110,1,897,Programmer
1462,fp111,lp111,2,1347,Programmer
1463,fp112,lp112,3,1176,Programmer
1464,fp113,lp113,4,762,Programmer
1465,fp114,lp114,5,702,Programmer
1466,fp115,lp115,6,1231,Programmer
1467,fp116,lp116,7,716,Programmer
1468,fp117,lp117,8,897,Programmer
1469,fp118,lp118,9,1084,Programmer
1470,fp119,lp119,10,838,Programmer
1471,fp120,lp120,11,716,Programmer
1472,fp121,lp121,1,1045,Programmer
1473,fp122,lp122,2,1246,Programmer
1474,fp123,lp123,3,1295,Programmer
1475,fp124,lp124,4,1328,Programmer
1476,fp125,lp125,5,1122,Programmer
1477,fp126,lp126,6,1179,Programmer
1478,fp127,lp127,7,1326,Programmer
1479,fp128,lp128,8,894,Programmer
1480,fp129,lp129,9,972,Programmer
1481,fp130,lp130,10,981,Programmer
1482,fp131,lp131,11,1321,Programmer
1483,fp132,lp132,1,832,Programmer
1484,fp133,lp133,2,934,Programmer
1485,fp134,lp134,3,1010,Programmer
1486,fp135,lp135,4,1071,Programmer
1487,fp136,lp136,5,1069,Programmer
1488,fp137,lp137,6,918,Programmer
1489,fp138,lp138,7,1148,Programmer
1490,fp139,lp139,8,823,Programmer
1491,fp140,lp140,9,861,Programmer
1492,fp141,lp141,10,799,Programmer
1493,fp142,lp142,11,955,Programmer
1494,fp143,lp143,1,1195,Programmer
1495,fp144,lp144,2,1198,Programmer
1496,fp145,lp145,3,772,Programmer
1497,fp146,lp146,4,693,Programmer
1498,fp147,lp147,5,1143,Programmer
1499,fp148,lp148,6,933,Programmer
1500,fp149,lp149,7,1126,Programmer
1501,fp150,lp150,8,1219,Programmer
1502,fp151,lp151,9,810,Programmer
1503,fp152,lp152,10,1038,Programmer
1504,fp153,lp153,11,830,Programmer
1505,fp154,lp154,1,1293,Programmer
1506,fp155,lp155,2,973,Programmer
1507,fp156,lp156,3,1108,Programmer
1508,fp157,lp157,4,1280,Programmer
1509,fp158,lp158,5,845,Programmer
1510,fp159,lp159,6,974,Programmer
1511,fp160,lp160,7,1033,Programmer
1512,fp161,lp161,8,903,Programmer
1513,fp162,lp162,9,780,Programmer
1514,fp163,lp163,10,1254,Programmer
1515,fp164,lp164,11,1238,Programmer
1516,fp165,lp165,1,763,Programmer
1517,fp166,lp166,2,1100,Programmer
1518,fp167,lp167,3,1257,Programmer
1519,fp168,lp168,4,1209,Programmer
1520,fp169,lp169,5,954,Programmer
1521,fp170,lp170,6,1210,Programmer
1522,fp171,lp171,7,714,Programmer
1523,fp172,lp172,8,683,Programmer
1524,fp173,lp173,9,815,Programmer
1525,fp174,lp174,10,691,Programmer
1526,fp175,lp175,11,1264,Programmer
1527,fp176,lp176,1,1151,Programmer
1528,fp177,lp177,2,746,Programmer
1529,fp178,lp178,3,882,Programmer
1530,fp179,lp179,4,710,Programmer
1531,fp180,lp180,5,774,Programmer
1532,fp181,lp181,6,924,Programmer
1533,fp182,lp182,7,1289,Programmer
1534,fp183,lp183,8,859,Programmer
1535,fp184,lp184,9,809,Programmer
1536,fp185,lp185,10,1230,Programmer
1537,fp186,lp186,11,1298,Programmer
1538,fp187,lp187,1,700,Programmer
1539,fp188,lp188,2,1288,Programmer
1540,fp189,lp189,3,1042,Programmer
1541,fp190,lp190,4,1014,Programmer
1542,fp191,lp191,5,983,Programmer
1543,fp192,lp192,6,979,Programmer
1544,fp193,lp193,7,1274,Programmer
1545,fp194,lp194,8,808,Programmer
1546,fp195,lp195,9,1103,Programmer
1547,fp196,lp196,10,1236,Programmer
1548,fp197,lp197,11,926,Programmer
1549,fp198,lp198,1,731,Programmer
1550,fp199,lp199,2,976,Programmer
1551,fp200,lp200,3,835,Programmer
1552,fp201,lp201,4,1245,Programmer
1553,fp202,lp202,5,1295,Programmer
1554,fp203,lp203,6,1178,Programmer
1555,fp204,lp204,7,1063,Programmer
1556,fp205,lp205,8,965,Programmer
1557,fp206,lp206,9,938,Programmer
1558,fp207,lp207,10,1203,Programmer
1559,fp208,lp208,11,1098,Programmer
1560,fp209,lp209,1,743,Programmer
1561,fp210,lp210,2,756,Programmer
1562,fp211,lp211,3,1167,Programmer
1563,fp212,lp212,4,914,Programmer
1564,fp213,lp213,5,1263,Programmer
1565,fp214,lp214,6,940,Programmer
1566,fp215,lp215,7,1084,Programmer
1567,fp216,lp216,8,777,Programmer
1568,fp217,lp217,9,726,Programmer
1569,fp218,lp218,10,941,Programmer
1570,fp219,lp219,11,1219,Programmer
1571,fp220,lp220,1,1255,Programmer
1572,fp221,lp221,2,1103,Programmer
1573,fp222,lp222,3,811,Programmer
1574,fp223,lp223,4,1311,Programmer
1575,fp224,lp224,5,1053,Programmer
1576,fp225,lp225,6,1219,Programmer
1577,fp226,lp226,7,697,Programmer
1578,fp227,lp227,8,755,Programmer
1579,fp228,lp228,9,678,Programmer
1580,fp229,lp229,10,966,Programmer
1581,fp230,lp230,11,1217,Programmer
1582,fp231,lp231,1,1302,Programmer
1583,fp232,lp232,2,1164,Programmer
1584,fp233,lp233,3,843,Programmer
1585,fp234,lp234,4,1083,Programmer
1586,fp235,lp235,5,734,Programmer
1587,fp236,lp236,6,1278,Programmer
1588,fp237,lp237,7,729,Programmer
1589,fp238,lp238,8,760,Programmer
1590,fp239,lp239,9,758,Programmer
1591,fp240,lp240,10,929,Programmer
1592,fp241,lp241,11,848,Programmer
1593,fp242,lp242,1,1177,Programmer
1594,fp243,lp243,2,834,Programmer
1595,fp244,lp244,3,883,Programmer
1596,fp245,lp245,4,900,Programmer
1597,fp246,lp246,5,682,Programmer
1598,fp247,lp247,6,713,Programmer
1599,fp248,lp248,7,1210,Programmer
1600,fp249,lp249,8,1266,Programmer
1601,fp250,lp250,9,1138,Programmer
1602,fp251,lp251,10,1169,Programmer
1603,fp252,lp252,11,974,Programmer
1604,fp253,lp253,1,789,Programmer
1605,fp254,lp254,2,1102,Programmer
1606,fp255,lp255,3,1205,Programmer
1607,fp256,lp256,4,880,Programmer
1608,fp257,lp257,5,1077,Programmer
1609,fp258,lp258,6,1066,Programmer
1610,fp259,lp259,7,1299,Programmer
1611,fp260,lp260,8,1155,Programmer
1612,fp261,lp261,9,898,Programmer
1613,fp262,lp262,10,1327,Programmer
1614,fp263,lp263,11,806,Programmer
1615,fp264,lp264,1,705,Programmer
1616,fp265,lp265,2,1177,Programmer
1617,fp266,lp266,3,706,Programmer
1618,fp267,lp267,4,712,Programmer
1619,fp268,lp268,5,961,Programmer
1620,fp269,lp269,6,1094,Programmer
1621,fp270,lp270,7,1265,Programmer
1622,fp271,lp271,8,1344,Programmer
1623,fp272,lp272,9,1002,Programmer
1624,fp273,lp273,10,1043,Programmer
1625,fp274,lp274,11,1298,Programmer
1626,fp275,lp275,1,1327,Programmer
1627,fp276,lp276,2,1216,Programmer
1628,fp277,lp277,3,1315,Programmer
1629,fp278,lp278,4,1116,Programmer
1630,fp279,lp279,5,1195,Programmer
1631,fp280,lp280,6,1322,Programmer
1632,fp281,lp281,7,806,Programmer
1633,fp282,lp282,8,695,Programmer
1634,fp283,lp283,9,1227,Programmer
1635,fp284,lp284,10,1112,Programmer
1636,fp285,lp285,11,1181,Programmer
1637,fp286,lp286,1,1064,Programmer
1638,fp287,lp287,2,852,Programmer
1639,fp288,lp288,3,813,Programmer
1640,fp289,lp289,4,1106,Programmer
1641,fp290,lp290,5,991,Programmer
1642,fp291,lp291,6,1255,Programmer
1643,fp292,lp292,7,1034,Programmer
1644,fp293,lp293,8,1080,Programmer
1645,fp294,lp294,9,1049,Programmer
1646,fp295,lp295,10,1309,Programmer
1647,fp296,lp296,11,1259,Programmer
1648,fp297,lp297,1,743,Programmer
1649,fp298,lp298,2,1120,Programmer
1650,fp299,lp299,3,1073,Programmer
1651,fp300,lp300,4,845,Programmer
1652,fp301,lp301,5,818,Programmer
1653,fp302,lp302,6,1061,Programmer
1654,fp303,lp303,7,1262,Programmer
1655,fp304,lp304,8,1129,Programmer
1656,fp305,lp305,9,721,Programmer
1657,fp306,lp306,10,1277,Programmer
1658,fp307,lp307,11,1295,Programmer
1659,fp308,lp308,1,1065,Programmer
1660,fp309,lp309,2,855,Programmer
1661,fp310,lp310,3,832,Programmer
1662,fp311,lp311,4,726,Programmer
1663,fp312,lp312,5,1086,Programmer
1664,fp313,lp313,6,1184,Programmer
1665,fp314,lp314,7,797,Programmer
1666,fp315,lp315,8,1270,Programmer
1667,fp316,lp316,9,781,Programmer
1668,fp317,lp317,10,850,Programmer
1669,fp318,lp318,11,1079,Programmer
1670,fp319,lp319,1,716,Programmer
1671,fp320,lp320,2,791,Programmer
1672,fp321,lp321,3,1102,Programmer
1673,fp322,lp322,4,991,Programmer
1674,fp323,lp323,5,1130,Programmer
1675,fp324,lp324,6,1010,Programmer
1676,fp325,lp325,7,874,Programmer
1677,fp326,lp326,8,933,Programmer
1678,fp327,lp327,9,1070,Programmer
1679,fp328,lp328,10,853,Programmer
1680,fp329,lp329,11,1059,Programmer
1681,fp330,lp330,1,954,Programmer
1682,fp331,lp331,2,791,Programmer
1683,fp332,lp332,3,700,Programmer
1684,fp333,lp333,4,780,Programmer
1685,fp334,lp334,5,892,Programmer
1686,fp335,lp335,6,1158,Programmer
1687,fp336,lp336,7,888,Programmer
1688,fp337,lp337,8,1050,Programmer
1689,fp338,lp338,9,1137,Programmer
1690,fp339,lp339,10,779,Programmer
1691,fp340,lp340,11,1228,Programmer
1692,fp341,lp341,1,1152,Programmer
1693,fp342,lp342,2,988,Programmer
1694,fp343,lp343,3,771,Programmer
1695,fp344,lp344,4,687,Programmer
1696,fp345,lp345,5,1218,Programmer
1697,fp346,lp346,6,1199,Programmer
1698,fp347,lp347,7,1347,Programmer
1699,fp348,lp348,8,1190,Programmer
1700,fp349,lp349,9,1109,Programmer
1701,fp350,lp350,10,917,Programmer
1702,fp351,lp351,11,1290,Programmer
1703,fp352,lp352,1,1049,Programmer
1704,fp353,lp353,2,1322,Programmer
1705,fp354,lp354,3,910,Programmer
1706,fp355,lp355,4,1060,Programmer
1707,fp356,lp356,5,896,Programmer
1708,fp357,lp357,6,1172,Programmer
1709,fp358,lp358,7,888,Programmer
1710,fp359,lp359,8,1165,Programmer
1711,fp360,lp360,9,742,Programmer
1712,fp361,lp361,10,779,Programmer
1713,fp362,lp362,11,1051,Programmer
1714,fp363,lp363,1,1184,Programmer
1715,fp364,lp364,2,1247,Programmer
1716,fp365,lp365,3,1273,Programmer
1717,fp366,lp366,4,904,Programmer
1718,fp367,lp367,5,872,Programmer
1719,fp368,lp368,6,841,Programmer
1720,fp369,lp369,7,1127,Programmer
1721,fp370,lp370,8,1229,Programmer
1722,fp371,lp371,9,698,Programmer
1723,fp372,lp372,10,706,Programmer
1724,fp373,lp373,11,1231,Programmer
1725,fp374,lp374,1,924,Programmer
1726,fp375,lp375,2,694,Programmer
1727,fp376,lp376,3,817,Programmer
1728,fp377,lp377,4,862,Programmer
1729,fp378,lp378,5,827,Programmer
1730,fp379,lp379,6,879,Programmer
1731,fp380,lp380,7,918,Programmer
1732,fp381,lp381,8,824,Programmer
1733,fp382,lp382,9,1086,Programmer
1734,fp383,lp383,10,960,Programmer
1735,fp384,lp384,11,1191,Programmer
1736,fp385,lp385,1,797,Programmer
1737,fp386,lp386,2,1158,Programmer
1738,fp387,lp387,3,1244,Programmer
1739,fp388,lp388,4,1133,Programmer
1740,fp389,lp389,5,833,Programmer
1741,fp390,lp390,6,1109,Programmer
1742,fp391,lp391,7,1257,Programmer
1743,fp392,lp392,8,831,Programmer
1744,fp393,lp393,9,1209,Programmer
1745,fp394,lp394,10,950,Programmer
1746,fp395,lp395,11,909,Programmer
1747,fp396,lp396,1,918,Programmer
1748,fp397,lp397,2,690,Programmer
1749,fp398,lp398,3,792,Programmer
1750,fp399,lp399,4,1244,Programmer
1751,fp400,lp400,5,1120,Programmer
1752,fp401,lp401,6,1167,Programmer
1753,fp402,lp402,7,1212,Programmer
1754,fp403,lp403,8,1153,Programmer
1755,fp404,lp404,9,1295,Programmer
1756,fp405,lp405,10,1012,Programmer
1757,fp406,lp406,11,1011,Programmer
1758,fp407,lp407,1,1175,Programmer
1759,fp408,lp408,2,791,Programmer
1760,fp409,lp409,3,1062,Programmer
1761,fp410,lp410,4,755,Programmer
1762,fp411,lp411,5,1134,Programmer
1763,fp412,lp412,6,768,Programmer
1764,fp413,lp413,7,1184,Programmer
1765,fp414,lp414,8,792,Programmer
1766,fp415,lp415,9,1021,Programmer
1767,fp416,lp416,10,1300,Programmer
1768,fp417,lp417,11,1044,Programmer
1769,fp418,lp418,1,842,Programmer
1770,fp419,lp419,2,1157,Programmer
1771,fp420,lp420,3,827,Programmer
1772,fp421,lp421,4,1004,Programmer
1773,fp422,lp422,5,979,Programmer
1774,fp423,lp423,6,929,Programmer
1775,fp424,lp424,7,876,Programmer
1776,fp425,lp425,8,949,Programmer
1777,fp426,lp426,9,1032,Programmer
1778,fp427,lp427,10,1246,Programmer
1779,fp428,lp428,11,684,Programmer
1780,fp429,lp429,1,696,Programmer
1781,fp430,lp430,2,1160,Programmer
1782,fp431,lp431,3,1165,Programmer
1783,fp432,lp432,4,688,Programmer
1784,fp433,lp433,5,951,Programmer
1785,fp434,lp434,6,846,Programmer
1786,fp435,lp435,7,935,Programmer
1787,fp436,lp436,8,921,Programmer
1788,fp437,lp437,9,855,Programmer
1789,fp438,lp438,10,1096,Programmer
1790,fp439,lp439,11,860,Programmer
1791,fp440,lp440,1,1117,Programmer
1792,fp441,lp441,2,1105,Programmer
1793,fp442,lp442,3,722,Programmer
1794,fp443,lp443,4,914,Programmer
1795,fp444,lp444,5,1141,Programmer
1796,fp445,lp445,6,1017,Programmer
1797,fp446,lp446,7,1308,Programmer
1798,fp447,lp447,8,947,Programmer
1799,fp448,lp448,9,733,Programmer
1800,fp449,lp449,10,871,Programmer
1801,fp450,lp450,11,1116,Programmer
1802,fp451,lp451,1,698,Programmer
1803,fp452,lp452,2,1097,Programmer
1804,fp453,lp453,3,1273,Programmer
1805,fp454,lp454,4,901,Programmer
1806,fp455,lp455,5,940,Programmer
1807,fp456,lp456,6,1058,Programmer
1808,fp457,lp457,7,729,Programmer
1809,fp458,lp458,8,1216,Programmer
1810,fp459,lp459,9,1005,Programmer
1811,fp460,lp460,10,905,Programmer
1812,fp461,lp461,11,889,Programmer
1813,fp462,lp462,1,1234,Programmer
1814,fp463,lp463,2,994,Programmer
1815,fp464,lp464,3,1292,Programmer
1816,fp465,lp465,4,791,Programmer
1817,fp466,lp466,5,1009,Programmer
1818,fp467,lp467,6,1297,Programmer
1819,fp468,lp468,7,1058,Programmer
1820,fp469,lp469,8,685,Programmer
1821,fp470,lp470,9,1305,Programmer
1822,fp471,lp471,10,735,Programmer
1823,fp472,lp472,11,1074,Programmer
1824,fp473,lp473,1,683,Programmer
1825,fp474,lp474,2,1041,Programmer
1826,fp475,lp475,3,891,Programmer
1827,fp476,lp476,4,1350,Programmer
1828,fp477,lp477,5,1296,Programmer
1829,fp478,lp478,6,827,Programmer
1830,fp479,lp479,7,1341,Programmer
1831,fp480,lp480,8,866,Programmer
1832,fp481,lp481,9,1255,Programmer
1833,fp482,lp482,10,758,Programmer
1834,fp483,lp483,11,804,Programmer
1835,fp484,lp484,1,1003,Programmer
1836,fp485,lp485,2,704,Programmer
1837,fp486,lp486,3,693,Programmer
1838,fp487,lp487,4,686,Programmer
1839,fp488,lp488,5,855,Programmer
1840,fp489,lp489,6,714,Programmer
1841,fp490,lp490,7,834,Programmer
1842,fp491,lp491,8,1028,Programmer
1843,fp492,lp492,9,1023,Programmer
1844,fp493,lp493,10,817,Programmer
1845,fp494,lp494,11,761,Programmer
1846,fp495,lp495,1,966,Programmer
1847,fp496,lp496,2,793,Programmer
1848,fp497,lp497,3,844,Programmer
1849,fp498,lp498,4,1020,Programmer
1850,fp499,lp499,5,896,Programmer
1851,fp500,lp500,6,861,Programmer
1852,fp501,lp501,7,1024,Programmer
1853,fp502,lp502,8,1125,Programmer
1854,fp503,lp503,9,963,Programmer
1855,fp504,lp504,10,906,Programmer
1856,fp505,lp505,11,813,Programmer
1857,fp506,lp506,1,867,Programmer
1858,fp507,lp507,2,1029,Programmer
1859,fp508,lp508,3,1123,Programmer
1860,fp509,lp509,4,772,Programmer
1861,fp510,lp510,5,1138,Programmer
1862,fp511,lp511,6,976,Programmer
1863,fp512,lp512,7,758,Programmer
1864,fp513,lp513,8,1058,Programmer
1865,fp514,lp514,9,820,Programmer
1866,fp515,lp515,10,700,Programmer
1867,fp516,lp516,11,1128,Programmer
1868,fp517,lp517,1,722,Programmer
1869,fp518,lp518,2,1029,Programmer
1870,fp519,lp519,3,1302,Programmer
1871,fp520,lp520,4,948,Programmer
1872,fp521,lp521,5,1322,Programmer
1873,fp522,lp522,6,995,Programmer
1874,fp523,lp523,7,1328,Programmer
1875,fp524,lp524,8,1163,Programmer
1876,fp525,lp525,9,875,Programmer
1877,fp526,lp526,10,1183,Programmer
1878,fp527,lp527,11,1142,Programmer
1879,fp528,lp528,1,913,Programmer
1880,fp529,lp529,2,1257,Programmer
1881,fp530,lp530,3,777,Programmer
1882,fp531,lp531,4,1136,Programmer
1883,fp532,lp532,5,1306,Programmer
1884,fp533,lp533,6,1241,Programmer
1885,fp534,lp534,7,1077,Programmer
1886,fp535,lp535,8,996,Programmer
1887,fp536,lp536,9,1044,Programmer
1888,fp537,lp537,10,1025,Programmer
1889,fp538,lp538,11,999,Programmer
1890,fp539,lp539,1,715,Programmer
1891,fp540,lp540,2,1267,Programmer
1892,fp541,lp541,3,1128,Programmer
1893,fp542,lp542,4,826,Programmer
1894,fp543,lp543,5,1078,Programmer
1895,fp544,lp544,6,1191,Programmer
1896,fp545,lp545,7,1016,Programmer
1897,fp546,lp546,8,830,Programmer
1898,fp547,lp547,9,900,Programmer
1899,fp548,lp548,10,901,Programmer
1900,fp549,lp549,11,939,Programmer
1901,fp550,lp550,1,1068,Programmer
1902,fp551,lp551,2,887,Programmer
1903,fp552,lp552,3,879,Programmer
1904,fp553,lp553,4,1134,Programmer
1905,fp554,lp554,5,1027,Programmer
1906,fp555,lp555,6,1069,Programmer
1907,fp556,lp556,7,1189,Programmer
1908,fp557,lp557,8,1341,Programmer
1909,fp558,lp558,9,691,Programmer
1910,fp559,lp559,10,978,Programmer
1911,fp560,lp560,11,1089,Programmer
1912,fp561,lp561,1,933,Programmer
1913,fp562,lp562,2,883,Programmer
1914,fp563,lp563,3,780,Programmer
1915,fp564,lp564,4,761,Programmer
1916,fp565,lp565,5,893,Programmer
1917,fp566,lp566,6,1335,Programmer
1918,fp567,lp567,7,895,Programmer
1919,fp568,lp568,8,1315,Programmer
1920,fp569,lp569,9,1216,Programmer
1921,fp570,lp570,10,1016,Programmer
1922,fp571,lp571,11,1101,Programmer
1923,fp572,lp572,1,1348,Programmer
1924,fp573,lp573,2,1143,Programmer
1925,fp574,lp574,3,843,Programmer
1926,fp575,lp575,4,1041,Programmer
1927,fp576,lp576,5,1008,Programmer
1928,fp577,lp577,6,783,Programmer
1929,fp578,lp578,7,1229,Programmer
1930,fp579,lp579,8,1208,Programmer
1931,fp580,lp580,9,956,Programmer
1932,fp581,lp581,10,980,Programmer
1933,fp582,lp582,11,1317,Programmer
1934,fp583,lp583,1,958,Programmer
1935,fp584,lp584,2,1177,Programmer
1936,fp585,lp585,3,787,Programmer
1937,fp586,lp586,4,1141,Programmer
1938,fp587,lp587,5,959,Programmer
1939,fp588,lp588,6,1187,Programmer
1940,fp589,lp589,7,915,Programmer
1941,fp590,lp590,8,1058,Programmer
1942,fp591,lp591,9,676,Programmer
1943,fp592,lp592,10,982,Programmer
1944,fp593,lp593,11,1230,Programmer
1945,fp594,lp594,1,740,Programmer
1946,fp595,lp595,2,1284,Programmer
1947,fp596,lp596,3,804,Programmer
1948,fp597,lp597,4,997,Programmer
1949,fp598,lp598,5,1328,Programmer
1950,fp599,lp599,6,866,Programmer
1951,fp600,lp600,7,752,Programmer
1952,fp601,lp601,8,852,Programmer
1953,fp602,lp602,9,1144,Programmer
1954,fp603,lp603,10,813,Programmer
1955,fp604,lp604,11,720,Programmer
1956,fp605,lp605,1,937,Programmer
1957,fp606,lp606,2,771,Programmer
1958,fp607,lp607,3,1116,Programmer
1959,fp608,lp608,4,934,Programmer
1960,fp609,lp609,5,1346,Programmer
1961,fp610,lp610,6,981,Programmer
1962,fp611,lp611,7,1253,Programmer
1963,fp612,lp612,8,803,Programmer
1964,fp613,lp613,9,1066,Programmer
1965,fp614,lp614,10,800,Programmer
1966,fp615,lp615,11,1284,Programmer
1967,fp616,lp616,1,984,Programmer
1968,fp617,lp617,2,956,Programmer
1969,fp618,lp618,3,1113,Programmer
1970,fp619,lp619,4,1088,Programmer
1971,fp620,lp620,5,760,Programmer
1972,fp621,lp621,6,714,Programmer
1973,fp622,lp622,7,857,Programmer
1974,fp623,lp623,8,1108,Programmer
1975,fp624,lp624,9,1349,Programmer
1976,fp625,lp625,10,859,Programmer
1977,fp626,lp626,11,845,Programmer
1978,fp627,lp627,1,1094,Programmer
1979,fp628,lp628,2,1028,Programmer
1980,fp629,lp629,3,1168,Programmer
1981,fp630,lp630,4,909,Programmer
1982,fp631,lp631,5,774,Programmer
1983,fp632,lp632,6,1139,Programmer
1984,fp633,lp633,7,1147,Programmer
1985,fp634,lp634,8,986,Programmer
1986,fp635,lp635,9,934,Programmer
1987,fp636,lp636,10,759,Programmer
1988,fp637,lp637,11,949,Programmer
1989,fp638,lp638,1,1053,Programmer
1990,fp639,lp639,2,1157,Programmer
1991,fp640,lp640,3,1347,Programmer
1992,fp641,lp641,4,960,Programmer
1993,fp642,lp642,5,1173,Programmer
1994,fp643,lp643,6,1038,Programmer
1995,fp644,lp644,7,1002,Programmer
1996,fp645,lp645,8,768,Programmer
1997,fp646,lp646,9,1213,Programmer
1998,fp647,lp647,10,812,Programmer
1999,fp648,lp648,11,747,Programmer
2000,fp649,lp649,1,1208,Programmer
2001,fp650,lp650,2,933,Programmer
2002,fp651,lp651,3,700,Programmer
2003,fp652,lp652,4,813,Programmer
2004,fp653,lp653,5,800,Programmer
2005,fp654,lp654,6,1147,Programmer
2006,fp655,lp655,7,979,Programmer
2007,fp656,lp656,8,787,Programmer
2008,fp657,lp657,9,872,Programmer
2009,fp658,lp658,10,1020,Programmer
2010,fp659,lp659,11,1040,Programmer
2011,fp660,lp660,1,1138,Programmer
2012,fp661,lp661,2,861,Programmer
2013,fp662,lp662,3,1277,Programmer
2014,fp663,lp663,4,906,Programmer
2015,fp664,lp664,5,1293,Programmer
2016,fp665,lp665,6,1156,Programmer
2017,fp666,lp666,7,753,Programmer
2018,fp667,lp667,8,937,Programmer
2019,fp668,lp668,9,1068,Programmer
2020,fp669,lp669,10,696,Programmer
2021,fp670,lp670,11,747,Programmer
2022,fp671,lp671,1,738,Programmer
2023,fp672,lp672,2,1253,Programmer
2024,fp673,lp673,3,1085,Programmer
2025,fp674,lp674,4,950,Programmer
2026,fp675,lp675,5,1237,Programmer
2027,fp676,lp676,6,794,Programmer
2028,fp677,lp677,7,863,Programmer
2029,fp678,lp678,8,747,Programmer
2030,fp679,lp679,9,705,Programmer
2031,fp680,lp680,10,924,Programmer
2032,fp681,lp681,11,900,Programmer
2033,fp682,lp682,1,859,Programmer
2034,fp683,lp683,2,1014,Programmer
2035,fp684,lp684,3,1156,Programmer
2036,fp685,lp685,4,838,Programmer
2037,fp686,lp686,5,856,Programmer
2038,fp687,lp687,6,1123,Programmer
2039,fp688,lp688,7,1263,Programmer
2040,fp689,lp689,8,1319,Programmer
2041,fp690,lp690,9,713,Programmer
2042,fp691,lp691,10,1027,Programmer
2043,fp692,lp692,11,828,Programmer
2044,fp693,lp693,1,1019,Programmer
2045,fp694,lp694,2,836,Programmer
2046,fp695,lp695,3,1009,Programmer
2047,fp696,lp696,4,1160,Programmer
2048,fp697,lp697,5,1086,Programmer
2049,fp698,lp698,6,1063,Programmer
2050,fp699,lp699,7,1134,Programmer
2051,fp700,lp700,8,1242,Programmer
2052,fp701,lp701,9,838,Programmer
2053,fp702,lp702,10,701,Programmer
2054,fp703,lp703,11,741,Programmer
2055,fp704,lp704,1,1048,Programmer
2056,fp705,lp705,2,888,Programmer
2057,fp706,lp706,3,1131,Programmer
2058,fp707,lp707,4,1315,Programmer
2059,fp708,lp708,5,764,Programmer
2060,fp709,lp709,6,1134,Programmer
2061,fp710,lp710,7,995,Programmer
2062,fp711,lp711,8,695,Programmer
2063,fp712,lp712,9,966,Programmer
2064,fp713,lp713,10,686,Programmer
2065,fp714,lp714,11,949,Programmer
2066,fp715,lp715,1,996,Programmer
2067,fp716,lp716,2,786,Programmer
2068,fp717,lp717,3,1268,Programmer
2069,fp718,lp718,4,996,Programmer
2070,fp719,lp719,5,1087,Programmer
2071,fp720,lp720,6,1341,Programmer
2072,fp721,lp721,7,796,Programmer
2073,fp722,lp722,8,1155,Programmer
2074,fp723,lp723,9,1103,Programmer
2075,fp724,lp724,10,865,Programmer
2076,fp725,lp725,11,755,Programmer
2077,fp726,lp726,1,1102,Programmer
2078,fp727,lp727,2,872,Programmer
2079,fp728,lp728,3,838,Programmer
2080,fp729,lp729,4,965,Programmer
2081,fp730,lp730,5,1251,Programmer
2082,fp731,lp731,6,746,Programmer
2083,fp732,lp732,7,887,Programmer
2084,fp733,lp733,8,921,Programmer
2085,fp734,lp734,9,1342,Programmer
2086,fp735,lp735,10,795,Programmer
2087,fp736,lp736,11,892,Programmer
2088,fp737,lp737,1,971,Programmer
2089,fp738,lp738,2,865,Programmer
2090,fp739,lp739,3,1070,Programmer
2091,fp740,lp740,4,851,Programmer
2092,fp741,lp741,5,854,Programmer
2093,fp742,lp742,6,866,Programmer
2094,fp743,lp743,7,1011,Programmer
2095,fp744,lp744,8,684,Programmer
2096,fp745,lp745,9,913,Programmer
2097,fp746,lp746,10,1027,Programmer
2098,fp747,lp747,11,1297,Programmer
2099,fp748,lp748,1,1026,Programmer
2100,fp749,lp749,2,1076,Programmer
2101,fp750,lp750,3,744,Programmer
2102,fp751,lp751,4,766,Programmer
2103,fp752,lp752,5,1059,Programmer
2104,fp753,lp753,6,709,Programmer
2105,fp754,lp754,7,1300,Programmer
2106,fp755,lp755,8,1256,Programmer
2107,fp756,lp756,9,731,Programmer
2108,fp757,lp757,10,1245,Programmer
2109,fp758,lp758,11,993,Programmer
2110,fp759,lp759,1,1229,Programmer
2111,fp760,lp760,2,1168,Programmer
2112,fp761,lp761,3,1126,Programmer
2113,fp762,lp762,4,1043,Programmer
2114,fp763,lp763,5,1126,Programmer
2115,fp764,lp764,6,1092,Programmer
2116,fp765,lp765,7,1329,Programmer
2117,fp766,lp766,8,713,Programmer
2118,fp767,lp767,9,1329,Programmer
2119,fp768,lp768,10,684,Programmer
2120,fp769,lp769,11,1014,Programmer
2121,fp770,lp770,1,707,Programmer
2122,fp771,lp771,2,982,Programmer
2123,fp772,lp772,3,1141,Programmer
2124,fp773,lp773,4,722,Programmer
2125,fp774,lp774,5,950,Programmer
2126,fp775,lp775,6,1074,Programmer
2127,fp776,lp776,7,737,Programmer
2128,fp777,lp777,8,1252,Programmer
2129,fp778,lp778,9,817,Programmer
2130,fp779,lp779,10,989,Programmer
2131,fp780,lp780,11,902,Programmer
2132,fp781,lp781,1,751,Programmer
2133,fp782,lp782,2,906,Programmer
2134,fp783,lp783,3,945,Programmer
2135,fp784,lp784,4,1079,Programmer
2136,fp785,lp785,5,1075,Programmer
2137,fp786,lp786,6,737,Programmer
2138,fp787,lp787,7,1009,Programmer
2139,fp788,lp788,8,1307,Programmer
2140,fp789,lp789,9,1149,Programmer
2141,fp790,lp790,10,1272,Programmer
2142,fp791,lp791,11,1114,Programmer
2143,fp792,lp792,1,727,Programmer
2144,fp793,lp793,2,1000,Programmer
2145,fp794,lp794,3,1309,Programmer
2146,fp795,lp795,4,819,Programmer
2147,fp796,lp796,5,745,Programmer
2148,fp797,lp797,6,993,Programmer
2149,fp798,lp798,7,938,Programmer
2150,fp799,lp799,8,705,Programmer
2151,fp800,lp800,9,1070,Programmer
2152,fp801,lp801,10,1161,Programmer
2153,fp802,lp802,11,1228,Programmer
2154,fp803,lp803,1,687,Programmer
2155,fp804,lp804,2,911,Programmer
2156,fp805,lp805,3,1008,Programmer
2157,fp806,lp806,4,819,Programmer
2158,fp807,lp807,5,1060,Programmer
2159,fp808,lp808,6,1029,Programmer
2160,fp809,lp809,7,1307,Programmer
2161,fp810,lp810,8,990,Programmer
2162,fp811,lp811,9,749,Programmer
2163,fp812,lp812,10,734,Programmer
2164,fp813,lp813,11,1253,Programmer
2165,fp814,lp814,1,1161,Programmer
2166,fp815,lp815,2,714,Programmer
2167,fp816,lp816,3,852,Programmer
2168,fp817,lp817,4,1311,Programmer
2169,fp818,lp818,5,1320,Programmer
2170,fp819,lp819,6,902,Programmer
2171,fp820,lp820,7,1137,Programmer
2172,fp821,lp821,8,928,Programmer
2173,fp822,lp822,9,1268,Programmer
2174,fp823,lp823,10,1039,Programmer
2175,fp824,lp824,11,860,Programmer
2176,fp825,lp825,1,1298,Programmer
2177,fp826,lp826,2,707,Programmer
2178,fp827,lp827,3,849,Programmer
2179,fp828,lp828,4,1058,Programmer
2180,fp829,lp829,5,708,Programmer
2181,fp830,lp830,6,1160,Programmer
2182,fp831,lp831,7,1179,Programmer
2183,fp832,lp832,8,1239,Programmer
2184,fp833,lp833,9,1052,Programmer
2185,fp834,lp834,10,1002,Programmer
2186,fp835,lp835,11,939,Programmer
2187,fp836,lp836,1,856,Programmer
2188,fp837,lp837,2,1187,Programmer
2189,fp838,lp838,3,1193,Programmer
2190,fp839,lp839,4,1199,Programmer
2191,fp840,lp840,5,749,Programmer
2192,fp841,lp841,6,892,Programmer
2193,fp842,lp842,7,1194,Programmer
2194,fp843,lp843,8,860,Programmer
2195,fp844,lp844,9,722,Programmer
2196,fp845,lp845,10,761,Programmer
2197,fp846,lp846,11,982,Programmer
2198,fp847,lp847,1,904,Programmer
2199,fp848,lp848,2,826,Programmer
2200,fp849,lp849,3,1037,Programmer
2201,fp850,lp850,4,708,Programmer
2202,fp851,lp851,5,1156,Programmer
2203,fp852,lp852,6,1023,Programmer
2204,fp853,lp853,7,1230,Programmer
2205,fp854,lp854,8,1068,Programmer
2206,fp855,lp855,9,976,Programmer
2207,fp856,lp856,10,1241,Programmer
2208,fp857,lp857,11,780,Programmer
2209,fp858,lp858,1,1086,Programmer
2210,fp859,lp859,2,1224,Programmer
2211,fp860,lp860,3,1041,Programmer
2212,fp861,lp861,4,734,Programmer
2213,fp862,lp862,5,734,Programmer
2214,fp863,lp863,6,1284,Programmer
2215,fp864,lp864,7,1038,Programmer
2216,fp865,lp865,8,838,Programmer
2217,fp866,lp866,9,1210,Programmer
2218,fp867,lp867,10,1125,Programmer
2219,fp868,lp868,11,1097,Programmer
2220,fp869,lp869,1,692,Programmer
2221,fp870,lp870,2,1211,Programmer
2222,fp871,lp871,3,731,Programmer
2223,fp872,lp872,4,1008,Programmer
2224,fp873,lp873,5,959,Programmer
2225,fp874,lp874,6,698,Programmer
2226,fp875,lp875,7,1285,Programmer
2227,fp876,lp876,8,1180,Programmer
2228,fp877,lp877,9,716,Programmer
2229,fp878,lp878,10,689,Programmer
2230,fp879,lp879,11,1339,Programmer
2231,fp880,lp880,1,1275,Programmer
2232,fp881,lp881,2,712,Programmer
2233,fp882,lp882,3,925,Programmer
2234,fp883,lp883,4,1207,Programmer
2235,fp884,lp884,5,686,Programmer
2236,fp885,lp885,6,737,Programmer
2237,fp886,lp886,7,1010,Programmer
2238,fp887,lp887,8,862,Programmer
2239,fp888,lp888,9,1347,Programmer
2240,fp889,lp889,10,1127,Programmer
2241,fp890,lp890,11,1179,Programmer
2242,fp891,lp891,1,982,Programmer
2243,fp892,lp892,2,869,Programmer
2244,fp893,lp893,3,1298,Programmer
2245,fp894,lp894,4,1282,Programmer
2246,fp895,lp895,5,839,Programmer
2247,fp896,lp896,6,1016,Programmer
2248,fp897,lp897,7,813,Programmer
2249,fp898,lp898,8,1128,Programmer
2250,fp899,lp899,9,752,Programmer
2251,fp900,lp900,10,711,Programmer
2252,fp901,lp901,11,956,Programmer
2253,fp902,lp902,1,1109,Programmer
2254,fp903,lp903,2,1008,Programmer
2255,fp904,lp904,3,1247,Programmer
2256,fp905,lp905,4,1273,Programmer
2257,fp906,lp906,5,1016,Programmer
2258,fp907,lp907,6,1201,Programmer
2259,fp908,lp908,7,1326,Programmer
2260,fp909,lp909,8,702,Programmer
2261,fp910,lp910,9,748,Programmer
2262,fp911,lp911,10,848,Programmer
2263,fp912,lp912,11,1174,Programmer
2264,fp913,lp913,1,934,Programmer
2265,fp914,lp914,2,678,Programmer
2266,fp915,lp915,3,1191,Programmer
2267,fp916,lp916,4,1265,Programmer
2268,fp917,lp917,5,1201,Programmer
2269,fp918,lp918,6,964,Programmer
2270,fp919,lp919,7,1271,Programmer
2271,fp920,lp920,8,825,Programmer
2272,fp921,lp921,9,791,Programmer
2273,fp922,lp922,10,1186,Programmer
2274,fp923,lp923,11,1239,Programmer
2275,fp924,lp924,1,1017,Programmer
2276,fp925,lp925,2,1313,Programmer
2277,fp926,lp926,3,964,Programmer
2278,fp927,lp927,4,1267,Programmer
2279,fp928,lp928,5,757,Programmer
2280,fp929,lp929,6,859,Programmer
2281,fp930,lp930,7,997,Programmer
2282,fp931,lp931,8,1241,Programmer
2283,fp932,lp932,9,1219,Programmer
2284,fp933,lp933,10,727,Programmer
2285,fp934,lp934,11,1039,Programmer
2286,fp935,lp935,1,919,Programmer
2287,fp936,lp936,2,1071,Programmer
2288,fp937,lp937,3,1110,Programmer
2289,fp938,lp938,4,1347,Programmer
2290,fp939,lp939,5,1310,Programmer
2291,fp940,lp940,6,1100,Programmer
2292,fp941,lp941,7,840,Programmer
2293,fp942,lp942,8,690,Programmer
2294,fp943,lp943,9,1067,Programmer
2295,fp944,lp944,10,1309,Programmer
2296,fp945,lp945,11,1078,Programmer
2297,fp946,lp946,1,872,Programmer
2298,fp947,lp947,2,1334,Programmer
2299,fp948,lp948,3,945,Programmer
2300,fp949,lp949,4,1034,Programmer
2301,fp950,lp950,5,923,Programmer
2302,fp951,lp951,6,1205,Programmer
2303,fp952,lp952,7,837,Programmer
2304,fp953,lp953,8,700,Programmer
2305,fp954,lp954,9,1193,Programmer
2306,fp955,lp955,10,920,Programmer
2307,fp956,lp956,11,887,Programmer
2308,fp957,lp957,1,894,Programmer
2309,fp958,lp958,2,804,Programmer
2310,fp959,lp959,3,854,Programmer
2311,fp960,lp960,4,1198,Programmer
2312,fp961,lp961,5,1020,Programmer
2313,fp962,lp962,6,980,Programmer
2314,fp963,lp963,7,959,Programmer
2315,fp964,lp964,8,1139,Programmer
2316,fp965,lp965,9,703,Programmer
2317,fp966,lp966,10,1035,Programmer
2318,fp967,lp967,11,1068,Programmer
2319,fp968,lp968,1,1296,Programmer
2320,fp969,lp969,2,810,Programmer
2321,fp970,lp970,3,951,Programmer
2322,fp971,lp971,4,1072,Programmer
2323,fp972,lp972,5,1152,Programmer
2324,fp973,lp973,6,1232,Programmer
2325,fp974,lp974,7,829,Programmer
2326,fp975,lp975,8,1073,Programmer
2327,fp976,lp976,9,1013,Programmer
2328,fp977,lp977,10,942,Programmer
2329,fp978,lp978,11,920,Programmer
2330,fp979,lp979,1,1085,Programmer
2331,fp980,lp980,2,866,Programmer
2332,fp981,lp981,3,1341,Programmer
2333,fp982,lp982,4,796,Programmer
2334,fp983,lp983,5,1222,Programmer
2335,fp984,lp984,6,1092,Programmer
2336,fp985,lp985,7,1206,Programmer
2337,fp986,lp986,8,724,Programmer
2338,fp987,lp987,9,770,Programmer
2339,fp988,lp988,10,901,Programmer
2340,fp989,lp989,11,716,Programmer
2341,fp990,lp990,1,942,Programmer
2342,fp991,lp991,2,1133,Programmer
2343,fp992,lp992,3,1114,Programmer
2344,fp993,lp993,4,1314,Programmer
2345,fp994,lp994,5,753,Programmer
2346,fp995,lp995,6,1043,Programmer
2347,fp996,lp996,7,1256,Programmer
2348,fp997,lp997,8,1321,Programmer
2349,fp998,lp998,9,998,Programmer
2350,fp999,lp999,10,754,Programmer
2351,fp1000,lp1000,11,1067,Programmer
2352,fp1001,lp1001,1,1244,Programmer
2353,fp1002,lp1002,2,1328,Programmer
2354,fp1003,lp1003,3,923,Programmer
2355,fp1004,lp1004,4,888,Programmer
2356,fp1005,lp1005,5,1243,Programmer
2357,fp1006,lp1006,6,1260,Programmer
2358,fp1007,lp1007,7,1022,Programmer
2359,fp1008,lp1008,8,758,Programmer
2360,fp1009,lp1009,9,753,Programmer
2361,fp1010,lp1010,10,740,Programmer
2362,fp1011,lp1011,11,691,Programmer
2363,fp1012,lp1012,1,1241,Programmer
2364,fp1013,lp1013,2,685,Programmer
2365,fp1014,lp1014,3,817,Programmer
2366,fp1015,lp1015,4,1151,Programmer
2367,fp1016,lp1016,5,1282,Programmer
2368,fp1017,lp1017,6,880,Programmer
2369,fp1018,lp1018,7,787,Programmer
2370,fp1019,lp1019,8,1115,Programmer
2371,fp1020,lp1020,9,1177,Programmer
2372,fp1021,lp1021,10,1136,Programmer
2373,fp1022,lp1022,11,1062,Programmer
2374,fp1023,lp1023,1,823,Programmer
2375,fp1024,lp1024,2,991,Programmer
2376,fp1025,lp1025,3,1268,Programmer
2377,fp1026,lp1026,4,1113,Programmer
2378,fp1027,lp1027,5,1230,Programmer
2379,fp1028,lp1028,6,1191,Programmer
2380,fp1029,lp1029,7,955,Programmer
2381,fp1030,lp1030,8,677,Programmer
2382,fp1031,lp1031,9,954,Programmer
2383,fp1032,lp1032,10,728,Programmer
2384,fp1033,lp1033,11,976,Programmer
2385,fp1034,lp1034,1,1322,Programmer
2386,fp1035,lp1035,2,1309,Programmer
2387,fp1036,lp1036,3,836,Programmer
2388,fp1037,lp1037,4,1140,Programmer
2389,fp1038,lp1038,5,1043,Programmer
2390,fp1039,lp1039,6,764,Programmer
2391,fp1040,lp1040,7,695,Programmer
2392,fp1041,lp1041,8,1196,Programmer
2393,fp1042,lp1042,9,1253,Programmer
2394,fp1043,lp1043,10,1228,Programmer
2395,fp1044,lp1044,11,954,Programmer
2396,fp1045,lp1045,1,736,Programmer
2397,fp1046,lp1046,2,781,Programmer
2398,fp1047,lp1047,3,1328,Programmer
2399,fp1048,lp1048,4,1258,Programmer
2400,fp1049,lp1049,5,890,Programmer
2401,fp1050,lp1050,6,709,Programmer
2402,fp1051,lp1051,7,1069,Programmer
2403,fp1052,lp1052,8,1238,Programmer
2404,fp1053,lp1053,9,966,Programmer
2405,fp1054,lp1054,10,1228,Programmer
2406,fp1055,lp1055,11,742,Programmer
2407,fp1056,lp1056,1,1049,Programmer
2408,fp1057,lp1057,2,1187,Programmer
2409,fp1058,lp1058,3,980,Programmer
2410,fp1059,lp1059,4,1001,Programmer
2411,fp1060,lp1060,5,1182,Programmer
2412,fp1061,lp1061,6,1039,Programmer
2413,fp1062,lp1062,7,878,Programmer
2414,fp1063,lp1063,8,1252,Programmer
2415,fp1064,lp1064,9,1016,Programmer
2416,fp1065,lp1065,10,1210,Programmer
2417,fp1066,lp1066,11,1191,Programmer
2418,fp1067,lp1067,1,1231,Programmer
2419,fp1068,lp1068,2,1017,Programmer
2420,fp1069,lp1069,3,1217,Programmer
2421,fp1070,lp1070,4,739,Programmer
2422,fp1071,lp1071,5,1263,Programmer
2423,fp1072,lp1072,6,919,Programmer
2424,fp1073,lp1073,7,690,Programmer
2425,fp1074,lp1074,8,706,Programmer
2426,fp1075,lp1075,9,701,Programmer
2427,fp1076,lp1076,10,681,Programmer
2428,fp1077,lp1077,11,726,Programmer
2429,fp1078,lp1078,1,1140,Programmer
2430,fp1079,lp1079,2,1051,Programmer
2431,fp1080,lp1080,3,956,Programmer
2432,fp1081,lp1081,4,889,Programmer
2433,fp1082,lp1082,5,959,Programmer
2434,fp1083,lp1083,6,944,Programmer
2435,fp1084,lp1084,7,1260,Programmer
2436,fp1085,lp1085,8,1026,Programmer
2437,fp1086,lp1086,9,1110,Programmer
2438,fp1087,lp1087,10,1282,Programmer
2439,fp1088,lp1088,11,1272,Programmer
2440,fp1089,lp1089,1,1249,Programmer
2441,fp1090,lp1090,2,994,Programmer
2442,fp1091,lp1091,3,710,Programmer
2443,fp1092,lp1092,4,791,Programmer
2444,fp1093,lp1093,5,1230,Programmer
2445,fp1094,lp1094,6,687,Programmer
2446,fp1095,lp1095,7,1303,Programmer
2447,fp1096,lp1096,8,741,Programmer
2448,fp1097,lp1097,9,1048,Programmer
2449,fp1098,lp1098,10,899,Programmer
2450,fp1099,lp1099,11,1013,Programmer
2451,fp1100,lp1100,1,904,Programmer
2452,fp1101,lp1101,2,1125,Programmer
2453,fp1102,lp1102,3,711,Programmer
2454,fp1103,lp1103,4,697,Programmer
2455,fp1104,lp1104,5,680,Programmer
2456,fp1105,lp1105,6,1103,Programmer
2457,fp1106,lp1106,7,1048,Programmer
2458,fp1107,lp1107,8,1317,Programmer
2459,fp1108,lp1108,9,739,Programmer
2460,fp1109,lp1109,10,1061,Programmer
2461,fp1110,lp1110,11,690,Programmer
2462,fp1111,lp1111,1,697,Programmer
2463,fp1112,lp1112,2,1178,Programmer
2464,fp1113,lp1113,3,1211,Programmer
2465,fp1114,lp1114,4,915,Programmer
2466,fp1115,lp1115,5,1228,Programmer
2467,fp1116,lp1116,6,866,Programmer
2468,fp1117,lp1117,7,1161,Programmer
2469,fp1118,lp1118,8,678,Programmer
2470,fp1119,lp1119,9,1001,Programmer
2471,fp1120,lp1120,10,1081,Programmer
2472,fp1121,lp1121,11,1122,Programmer
2473,fp1122,lp1122,1,1233,Programmer
2474,fp1123,lp1123,2,981,Programmer
2475,fp1124,lp1124,3,918,Programmer
2476,fp1125,lp1125,4,1172,Programmer
2477,fp1126,lp1126,5,731,Programmer
2478,fp1127,lp1127,6,689,Programmer
2479,fp1128,lp1128,7,686,Programmer
2480,fp1129,lp1129,8,1097,Programmer
2481,fp1130,lp1130,9,1208,Programmer
2482,fp1131,lp1131,10,1253,Programmer
2483,fp1132,lp1132,11,723,Programmer
2484,fp1133,lp1133,1,1276,Programmer
2485,fp1134,lp1134,2,1186,Programmer
2486,fp1135,lp1135,3,1178,Programmer
2487,fp1136,lp1136,4,845,Programmer
2488,fp1137,lp1137,5,1095,Programmer
2489,fp1138,lp1138,6,942,Programmer
2490,fp1139,lp1139,7,1150,Programmer
2491,fp1140,lp1140,8,1157,Programmer
2492,fp1141,lp1141,9,926,Programmer
2493,fp1142,lp1142,10,1226,Programmer
2494,fp1143,lp1143,11,678,Programmer
2495,fp1144,lp1144,1,1305,Programmer
2496,fp1145,lp1145,2,1305,Programmer
2497,fp1146,lp1146,3,743,Programmer
2498,fp1147,lp1147,4,813,Programmer
2499,fp1148,lp1148,5,1321,Programmer
2500,fp1149,lp1149,6,869,Programmer
2501,fp1150,lp1150,7,1183,Programmer
2502,fp1151,lp1151,8,1121,Programmer
2503,fp1152,lp1152,9,1188,Programmer
2504,fp1153,lp1153,10,1147,Programmer
2505,fp1154,lp1154,11,1121,Programmer
2506,fp1155,lp1155,1,723,Programmer
2507,fp1156,lp1156,2,965,Programmer
2508,fp1157,lp1157,3,985,Programmer
2509,fp1158,lp1158,4,857,Programmer
2510,fp1159,lp1159,5,802,Programmer
2511,fp1160,lp1160,6,1183,Programmer
2512,fp1161,lp1161,7,1016,Programmer
2513,fp1162,lp1162,8,1303,Programmer
2514,fp1163,lp1163,9,1136,Programmer
2515,fp1164,lp1164,10,1252,Programmer
2516,fp1165,lp1165,11,1185,Programmer
2517,fp1166,lp1166,1,1006,Programmer
2518,fp1167,lp1167,2,812,Programmer
2519,fp1168,lp1168,3,686,Programmer
2520,fp1169,lp1169,4,764,Programmer
2521,fp1170,lp1170,5,1082,Programmer
2522,fp1171,lp1171,6,1073,Programmer
2523,fp1172,lp1172,7,905,Programmer
2524,fp1173,lp1173,8,1039,Programmer
2525,fp1174,lp1174,9,1260,Programmer
2526,fp1175,lp1175,10,1003,Programmer
2527,fp1176,lp1176,11,823,Programmer
2528,fp1177,lp1177,1,1111,Programmer
2529,fp1178,lp1178,2,1283,Programmer
2530,fp1179,lp1179,3,1181,Programmer
2531,fp1180,lp1180,4,775,Programmer
2532,fp1181,lp1181,5,1059,Programmer
2533,fp1182,lp1182,6,732,Programmer
2534,fp1183,lp1183,7,1060,Programmer
2535,fp1184,lp1184,8,686,Programmer
2536,fp1185,lp1185,9,1063,Programmer
2537,fp1186,lp1186,10,868,Programmer
2538,fp1187,lp1187,11,772,Programmer
2539,fp1188,lp1188,1,1108,Programmer
2540,fp1189,lp1189,2,982,Programmer
2541,fp1190,lp1190,3,817,Programmer
2542,fp1191,lp1191,4,1322,Programmer
2543,fp1192,lp1192,5,1282,Programmer
2544,fp1193,lp1193,6,1028,Programmer
2545,fp1194,lp1194,7,1313,Programmer
2546,fp1195,lp1195,8,685,Programmer
2547,fp1196,lp1196,9,917,Programmer
2548,fp1197,lp1197,10,984,Programmer
2549,fp1198,lp1198,11,976,Programmer
2550,fp1199,lp1199,1,1211,Programmer
2551,fp1200,lp1200,2,865,Programmer
2552,fp1201,lp1201,3,760,Programmer
2553,fp1202,lp1202,4,782,Programmer
2554,fp1203,lp1203,5,1135,Programmer
2555,fp1204,lp1204,6,1119,Programmer
2556,fp1205,lp1205,7,1120,Programmer
2557,fp1206,lp1206,8,745,Programmer
2558,fp1207,lp1207,9,1219,Programmer
2559,fp1208,lp1208,10,1316,Programmer
2560,fp1209,lp1209,11,766,Programmer
2561,fp1210,lp1210,1,993,Programmer
2562,fp1211,lp1211,2,1124,Programmer
2563,fp1212,lp1212,3,965,Programmer
2564,fp1213,lp1213,4,1003,Programmer
2565,fp1214,lp1214,5,921,Programmer
2566,fp1215,lp1215,6,973,Programmer
2567,fp1216,lp1216,7,874,Programmer
2568,fp1217,lp1217,8,1158,Programmer
2569,fp1218,lp1218,9,836,Programmer
2570,fp1219,lp1219,10,1346,Programmer
2571,fp1220,lp1220,11,958,Programmer
2572,fp1221,lp1221,1,1095,Programmer
2573,fp1222,lp1222,2,897,Programmer
2574,fp1223,lp1223,3,946,Programmer
2575,fp1224,lp1224,4,945,Programmer
2576,fp1225,lp1225,5,1236,Programmer
2577,fp1226,lp1226,6,1149,Programmer
2578,fp1227,lp1227,7,913,Programmer
2579,fp1228,lp1228,8,1341,Programmer
2580,fp1229,lp1229,9,730,Programmer
2581,fp1230,lp1230,10,930,Programmer
2582,fp1231,lp1231,11,802,Programmer
2583,fp1232,lp1232,1,1184,Programmer
2584,fp1233,lp1233,2,1162,Programmer
2585,fp1234,lp1234,3,1112,Programmer
2586,fp1235,lp1235,4,736,Programmer
2587,fp1236,lp1236,5,1337,Programmer
2588,fp1237,lp1237,6,855,Programmer
2589,fp1238,lp1238,7,1092,Programmer
2590,fp1239,lp1239,8,1069,Programmer
2591,fp1240,lp1240,9,1016,Programmer
2592,fp1241,lp1241,10,1022,Programmer
2593,fp1242,lp1242,11,1202,Programmer
2594,fp1243,lp1243,1,995,Programmer
2595,fp1244,lp1244,2,1170,Programmer
2596,fp1245,lp1245,3,1036,Programmer
2597,fp1246,lp1246,4,1219,Programmer
2598,fp1247,lp1247,5,965,Programmer
2599,fp1248,lp1248,6,885,Programmer
2600,fp1249,lp1249,7,1213,Programmer
2601,fp1250,lp1250,8,1209,Programmer
2602,fp1251,lp1251,9,767,Programmer
2603,fp1252,lp1252,10,1329,Programmer
2604,fp1253,lp1253,11,1036,Programmer
2605,fp1254,lp1254,1,932,Programmer
2606,fp1255,lp1255,2,975,Programmer
2607,fp1256,lp1256,3,1021,Programmer
2608,fp1257,lp1257,4,1065,Programmer
2609,fp1258,lp1258,5,1048,Programmer
2610,fp1259,lp1259,6,999,Programmer
2611,fp1260,lp1260,7,772,Programmer
2612,fp1261,lp1261,8,1179,Programmer
2613,fp1262,lp1262,9,941,Programmer
2614,fp1263,lp1263,10,1317,Programmer
2615,fp1264,lp1264,11,1189,Programmer
2616,fp1265,lp1265,1,1278,Programmer
2617,fp1266,lp1266,2,1196,Programmer
2618,fp1267,lp1267,3,1301,Programmer
2619,fp1268,lp1268,4,1298,Programmer
2620,fp1269,lp1269,5,884,Programmer
2621,fp1270,lp1270,6,883,Programmer
2622,fp1271,lp1271,7,909,Programmer
2623,fp1272,lp1272,8,1155,Programmer
2624,fp1273,lp1273,9,1282,Programmer
2625,fp1274,lp1274,10,907,Programmer
2626,fp1275,lp1275,11,816,Programmer
2627,fp1276,lp1276,1,966,Programmer
2628,fp1277,lp1277,2,885,Programmer
2629,fp1278,lp1278,3,1308,Programmer
2630,fp1279,lp1279,4,953,Programmer
2631,fp1280,lp1280,5,1093,Programmer
2632,fp1281,lp1281,6,1102,Programmer
2633,fp1282,lp1282,7,852,Programmer
2634,fp1283,lp1283,8,748,Programmer
2635,fp1284,lp1284,9,947,Programmer
2636,fp1285,lp1285,10,999,Programmer
2637,fp1286,lp1286,11,1019,Programmer
2638,fp1287,lp1287,1,944,Programmer
2639,fp1288,lp1288,2,1044,Programmer
2640,fp1289,lp1289,3,748,Programmer
2641,fp1290,lp1290,4,1293,Programmer
2642,fp1291,lp1291,5,1337,Programmer
2643,fp1292,lp1292,6,851,Programmer
2644,fp1293,lp1293,7,1164,Programmer
2645,fp1294,lp1294,8,1031,Programmer
2646,fp1295,lp1295,9,744,Programmer
2647,fp1296,lp1296,10,1105,Programmer
2648,fp1297,lp1297,11,1002,Programmer
2649,fp1298,lp1298,1,899,Programmer
2650,fp1299,lp1299,2,790,Programmer
2651,fp1300,lp1300,3,1188,Programmer
2652,fp1301,lp1301,4,1244,Programmer
2653,fp1302,lp1302,5,1152,Programmer
2654,fp1303,lp1303,6,1311,Programmer
2655,fp1304,lp1304,7,984,Programmer
2656,fp1305,lp1305,8,1064,Programmer
2657,fp1306,lp1306,9,747,Programmer
2658,fp1307,lp1307,10,875,Programmer
2659,fp1308,lp1308,11,927,Programmer
2660,fp1309,lp1309,1,1286,Programmer
2661,fp1310,lp1310,2,1042,Programmer
2662,fp1311,lp1311,3,1304,Programmer
2663,fp1312,lp1312,4,907,Programmer
2664,fp1313,lp1313,5,1000,Programmer
2665,fp1314,lp1314,6,788,Programmer
2666,fp1315,lp1315,7,752,Programmer
2667,fp1316,lp1316,8,1110,Programmer
2668,fp1317,lp1317,9,1142,Programmer
2669,fp1318,lp1318,10,732,Programmer
2670,fp1319,lp1319,11,1247,Programmer
2671,fp1320,lp1320,1,956,Programmer
2672,fp1321,lp1321,2,709,Programmer
2673,fp1322,lp1322,3,1182,Programmer
2674,fp1323,lp1323,4,1103,Programmer
2675,fp1324,lp1324,5,1204,Programmer
2676,fp1325,lp1325,6,857,Programmer
2677,fp1326,lp1326,7,1024,Programmer
2678,fp1327,lp1327,8,912,Programmer
2679,fp1328,lp1328,9,1037,Programmer
2680,fp1329,lp1329,10,918,Programmer
2681,fp1330,lp1330,11,1107,Programmer
2682,fp1331,lp1331,1,1338,Programmer
2683,fp1332,lp1332,2,1172,Programmer
2684,fp1333,lp1333,3,1272,Programmer
2685,fp1334,lp1334,4,1280,Programmer
2686,fp1335,lp1335,5,744,Programmer
2687,fp1336,lp1336,6,1016,Programmer
2688,fp1337,lp1337,7,972,Programmer
2689,fp1338,lp1338,8,944,Programmer
2690,fp1339,lp1339,9,1203,Programmer
2691,fp1340,lp1340,10,872,Programmer
2692,fp1341,lp1341,11,1044,Programmer
2693,fp1342,lp1342,1,1243,Programmer
2694,fp1343,lp1343,2,1208,Programmer
2695,fp1344,lp1344,3,690,Programmer
2696,fp1345,lp1345,4,993,Programmer
2697,fp1346,lp1346,5,1225,Programmer
2698,fp1347,lp1347,6,1097,Programmer
2699,fp1348,lp1348,7,1337,Programmer
2700,fp1349,lp1349,8,724,Programmer
2701,fp1350,lp1350,9,1016,Programmer
2702,fp1351,lp1351,10,682,Programmer
2703,fp1352,lp1352,11,1011,Programmer
2704,fp1353,lp1353,1,1077,Programmer
2705,fp1354,lp1354,2,1189,Programmer
2706,fp1355,lp1355,3,1149,Programmer
2707,fp1356,lp1356,4,941,Programmer
2708,fp1357,lp1357,5,1016,Programmer
2709,fp1358,lp1358,6,761,Programmer
2710,fp1359,lp1359,7,1318,Programmer
2711,fp1360,lp1360,8,1272,Programmer
2712,fp1361,lp1361,9,999,Programmer
2713,fp1362,lp1362,10,1062,Programmer
2714,fp1363,lp1363,11,1216,Programmer
2715,fp1364,lp1364,1,799,Programmer
2716,fp1365,lp1365,2,946,Programmer
2717,fp1366,lp1366,3,1175,Programmer
2718,fp1367,lp1367,4,924,Programmer
2719,fp1368,lp1368,5,893,Programmer
2720,fp1369,lp1369,6,869,Programmer
2721,fp1370,lp1370,7,1178,Programmer
2722,fp1371,lp1371,8,1332,Programmer
2723,fp1372,lp1372,9,730,Programmer
2724,fp1373,lp1373,10,1259,Programmer
2725,fp1374,lp1374,11,1053,Programmer
2726,fp1375,lp1375,1,1092,Programmer
2727,fp1376,lp1376,2,1249,Programmer
2728,fp1377,lp1377,3,1016,Programmer
2729,fp1378,lp1378,4,720,Programmer
2730,fp1379,lp1379,5,704,Programmer
2731,fp1380,lp1380,6,1189,Programmer
2732,fp1381,lp1381,7,732,Programmer
2733,fp1382,lp1382,8,976,Programmer
2734,fp1383,lp1383,9,1196,Programmer
2735,fp1384,lp1384,10,948,Programmer
2736,fp1385,lp1385,11,815,Programmer
2737,fp1386,lp1386,1,962,Programmer
2738,fp1387,lp1387,2,1314,Programmer
2739,fp1388,lp1388,3,909,Programmer
2740,fp1389,lp1389,4,1096,Programmer
2741,fp1390,lp1390,5,698,Programmer
2742,fp1391,lp1391,6,1149,Programmer
2743,fp1392,lp1392,7,1348,Programmer
2744,fp1393,lp1393,8,1199,Programmer
2745,fp1394,lp1394,9,965,Programmer
2746,fp1395,lp1395,10,1288,Programmer
2747,fp1396,lp1396,11,1064,Programmer
2748,fp1397,lp1397,1,1007,Programmer
2749,fp1398,lp1398,2,883,Programmer
2750,fp1399,lp1399,3,852,Programmer
2751,fp1400,lp1400,4,870,Programmer
2752,fp1401,lp1401,5,1278,Programmer
2753,fp1402,lp1402,6,696,Programmer
2754,fp1403,lp1403,7,692,Programmer
2755,fp1404,lp1404,8,1267,Programmer
2756,fp1405,lp1405,9,934,Programmer
2757,fp1406,lp1406,10,710,Programmer
2758,fp1407,lp1407,11,733,Programmer
2759,fp1408,lp1408,1,804,Programmer
2760,fp1409,lp1409,2,923,Programmer
2761,fp1410,lp1410,3,992,Programmer
2762,fp1411,lp1411,4,816,Programmer
2763,fp1412,lp1412,5,956,Programmer
2764,fp1413,lp1413,6,861,Programmer
2765,fp1414,lp1414,7,755,Programmer
2766,fp1415,lp1415,8,1109,Programmer
2767,fp1416,lp1416,9,723,Programmer
2768,fp1417,lp1417,10,878,Programmer
2769,fp1418,lp1418,11,1200,Programmer
2770,fp1419,lp1419,1,1042,Programmer
2771,fp1420,lp1420,2,717,Programmer
2772,fp1421,lp1421,3,922,Programmer
2773,fp1422,lp1422,4,1001,Programmer
2774,fp1423,lp1423,5,1327,Programmer
2775,fp1424,lp1424,6,856,Programmer
2776,fp1425,lp1425,7,1058,Programmer
2777,fp1426,lp1426,8,1202,Programmer
2778,fp1427,lp1427,9,1296,Programmer
2779,fp1428,lp1428,10,1322,Programmer
2780,fp1429,lp1429,11,994,Programmer
2781,fp1430,lp1430,1,850,Programmer
2782,fp1431,lp1431,2,795,Programmer
2783,fp1432,lp1432,3,1086,Programmer
2784,fp1433,lp1433,4,1295,Programmer
2785,fp1434,lp1434,5,902,Programmer
2786,fp1435,lp1435,6,1178,Programmer
2787,fp1436,lp1436,7,726,Programmer
2788,fp1437,lp1437,8,884,Programmer
2789,fp1438,lp1438,9,1134,Programmer
2790,fp1439,lp1439,10,1006,Programmer
2791,fp1440,lp1440,11,765,Programmer
2792,fp1441,lp1441,1,1128,Programmer
2793,fp1442,lp1442,2,1350,Programmer
2794,fp1443,lp1443,3,929,Programmer
2795,fp1444,lp1444,4,677,Programmer
2796,fp1445,lp1445,5,1108,Programmer
2797,fp1446,lp1446,6,1090,Programmer
2798,fp1447,lp1447,7,1021,Programmer
2799,fp1448,lp1448,8,999,Programmer
2800,fp1449,lp1449,9,1254,Programmer
2801,fp1450,lp1450,10,1135,Programmer
2802,fp1451,lp1451,11,1295,Programmer
2803,fp1452,lp1452,1,973,Programmer
2804,fp1453,lp1453,2,742,Programmer
2805,fp1454,lp1454,3,1196,Programmer
2806,fp1455,lp1455,4,1145,Programmer
2807,fp1456,lp1456,5,1081,Programmer
2808,fp1457,lp1457,6,1109,Programmer
2809,fp1458,lp1458,7,1154,Programmer
2810,fp1459,lp1459,8,759,Programmer
2811,fp1460,lp1460,9,851,Programmer
2812,fp1461,lp1461,10,834,Programmer
2813,fp1462,lp1462,11,1016,Programmer
2814,fp1463,lp1463,1,1226,Programmer
2815,fp1464,lp1464,2,892,Programmer
2816,fp1465,lp1465,3,689,Programmer
2817,fp1466,lp1466,4,1321,Programmer
2818,fp1467,lp1467,5,842,Programmer
2819,fp1468,lp1468,6,899,Programmer
2820,fp1469,lp1469,7,732,Programmer
2821,fp1470,lp1470,8,1017,Programmer
2822,fp1471,lp1471,9,907,Programmer
2823,fp1472,lp1472,10,1021,Programmer
2824,fp1473,lp1473,11,730,Programmer
2825,fp1474,lp1474,1,950,Programmer
2826,fp1475,lp1475,2,1082,Programmer
2827,fp1476,lp1476,3,1254,Programmer
2828,fp1477,lp1477,4,919,Programmer
2829,fp1478,lp1478,5,928,Programmer
2830,fp1479,lp1479,6,793,Programmer
2831,fp1480,lp1480,7,712,Programmer
2832,fp1481,lp1481,8,1149,Programmer
2833,fp1482,lp1482,9,1214,Programmer
2834,fp1483,lp1483,10,1263,Programmer
2835,fp1484,lp1484,11,696,Programmer
2836,fp1485,lp1485,1,1169,Programmer
2837,fp1486,lp1486,2,961,Programmer
2838,fp1487,lp1487,3,968,Programmer
2839,fp1488,lp1488,4,1259,Programmer
2840,fp1489,lp1489,5,767,Programmer
2841,fp1490,lp1490,6,858,Programmer
2842,fp1491,lp1491,7,717,Programmer
2843,fp1492,lp1492,8,856,Programmer
2844,fp1493,lp1493,9,888,Programmer
2845,fp1494,lp1494,10,1217,Programmer
2846,fp1495,lp1495,11,1180,Programmer
2847,fp1496,lp1496,1,861,Programmer
2848,fp1497,lp1497,2,1332,Programmer
2849,fp1498,lp1498,3,1144,Programmer
2850,fp1499,lp1499,4,1107,Programmer
2851,fp1500,lp1500,5,1268,Programmer
2852,fp1501,lp1501,6,1062,Programmer
2853,fp1502,lp1502,7,1015,Programmer
2854,fp1503,lp1503,8,953,Programmer
2855,fp1504,lp1504,9,947,Programmer
2856,fp1505,lp1505,10,973,Programmer
2857,fp1506,lp1506,11,815,Programmer
2858,fp1507,lp1507,1,1285,Programmer
2859,fp1508,lp1508,2,981,Programmer
2860,fp1509,lp1509,3,811,Programmer
2861,fp1510,lp1510,4,1311,Programmer
2862,fp1511,lp1511,5,788,Programmer
2863,fp1512,lp1512,6,805,Programmer
2864,fp1513,lp1513,7,973,Programmer
2865,fp1514,lp1514,8,745,Programmer
2866,fp1515,lp1515,9,712,Programmer
2867,fp1516,lp1516,10,1306,Programmer
2868,fp1517,lp1517,11,820,Programmer
2869,fp1518,lp1518,1,1134,Programmer
2870,fp1519,lp1519,2,1229,Programmer
2871,fp1520,lp1520,3,1191,Programmer
2872,fp1521,lp1521,4,722,Programmer
2873,fp1522,lp1522,5,976,Programmer
2874,fp1523,lp1523,6,767,Programmer
2875,fp1524,lp1524,7,743,Programmer
2876,fp1525,lp1525,8,1312,Programmer
2877,fp1526,lp1526,9,795,Programmer
2878,fp1527,lp1527,10,1096,Programmer
2879,fp1528,lp1528,11,1251,Programmer
2880,fp1529,lp1529,1,798,Programmer
2881,fp1530,lp1530,2,1274,Programmer
2882,fp1531,lp1531,3,1218,Programmer
2883,fp1532,lp1532,4,1192,Programmer
2884,fp1533,lp1533,5,972,Programmer
2885,fp1534,lp1534,6,985,Programmer
2886,fp1535,lp1535,7,1198,Programmer
2887,fp1536,lp1536,8,854,Programmer
2888,fp1537,lp1537,9,997,Programmer
2889,fp1538,lp1538,10,750,Programmer
2890,fp1539,lp1539,11,1120,Programmer
2891,fp1540,lp1540,1,811,Programmer
2892,fp1541,lp1541,2,1019,Programmer
2893,fp1542,lp1542,3,737,Programmer
2894,fp1543,lp1543,4,930,Programmer
2895,fp1544,lp1544,5,752,Programmer
2896,fp1545,lp1545,6,947,Programmer
2897,fp1546,lp1546,7,891,Programmer
2898,fp1547,lp1547,8,768,Programmer
2899,fp1548,lp1548,9,1051,Programmer
2900,fp1549,lp1549,10,899,Programmer
2901,fp1550,lp1550,11,966,Programmer
2902,fp1551,lp1551,1,1187,Programmer
2903,fp1552,lp1552,2,943,Programmer
2904,fp1553,lp1553,3,1094,Programmer
2905,fp1554,lp1554,4,1112,Programmer
2906,fp1555,lp1555,5,857,Programmer
2907,fp1556,lp1556,6,781,Programmer
2908,fp1557,lp1557,7,1312,Programmer
2909,fp1558,lp1558,8,728,Programmer
2910,fp1559,lp1559,9,1268,Programmer
2911,fp1560,lp1560,10,1204,Programmer
2912,fp1561,lp1561,11,1334,Programmer
2913,fp1562,lp1562,1,1263,Programmer
2914,fp1563,lp1563,2,1257,Programmer
2915,fp1564,lp1564,3,781,Programmer
2916,fp1565,lp1565,4,912,Programmer
2917,fp1566,lp1566,5,1212,Programmer
2918,fp1567,lp1567,6,1142,Programmer
2919,fp1568,lp1568,7,1045,Programmer
2920,fp1569,lp1569,8,1242,Programmer
2921,fp1570,lp1570,9,897,Programmer
2922,fp1571,lp1571,10,967,Programmer
2923,fp1572,lp1572,11,1023,Programmer
2924,fp1573,lp1573,1,710,Programmer
2925,fp1574,lp1574,2,1262,Programmer
2926,fp1575,lp1575,3,1097,Programmer
2927,fp1576,lp1576,4,688,Programmer
2928,fp1577,lp1577,5,1046,Programmer
2929,fp1578,lp1578,6,818,Programmer
2930,fp1579,lp1579,7,1184,Programmer
2931,fp1580,lp1580,8,740,Programmer
2932,fp1581,lp1581,9,1301,Programmer
2933,fp1582,lp1582,10,1252,Programmer
2934,fp1583,lp1583,11,910,Programmer
2935,fp1584,lp1584,1,1232,Programmer
2936,fp1585,lp1585,2,932,Programmer
2937,fp1586,lp1586,3,728,Programmer
2938,fp1587,lp1587,4,1307,Programmer
2939,fp1588,lp1588,5,713,Programmer
2940,fp1589,lp1589,6,1203,Programmer
2941,fp1590,lp1590,7,860,Programmer
2942,fp1591,lp1591,8,1064,Programmer
2943,fp1592,lp1592,9,1262,Programmer
2944,fp1593,lp1593,10,1139,Programmer
2945,fp1594,lp1594,11,805,Programmer
2946,fp1595,lp1595,1,1064,Programmer
2947,fp1596,lp1596,2,873,Programmer
2948,fp1597,lp1597,3,815,Programmer
2949,fp1598,lp1598,4,807,Programmer
2950,fp1599,lp1599,5,761,Programmer
2951,fp1600,lp1600,6,903,Programmer
2952,fp1601,lp1601,7,820,Programmer
2953,fp1602,lp1602,8,973,Programmer
2954,fp1603,lp1603,9,744,Programmer
2955,fp1604,lp1604,10,1130,Programmer
2956,fp1605,lp1605,11,819,Programmer
2957,fp1606,lp1606,1,1204,Programmer
2958,fp1607,lp1607,2,1329,Programmer
2959,fp1608,lp1608,3,778,Programmer
2960,fp1609,lp1609,4,769,Programmer
2961,fp1610,lp1610,5,1204,Programmer
2962,fp1611,lp1611,6,808,Programmer
2963,fp1612,lp1612,7,955,Programmer
2964,fp1613,lp1613,8,920,Programmer
2965,fp1614,lp1614,9,1205,Programmer
2966,fp1615,lp1615,10,1130,Programmer
2967,fp1616,lp1616,11,920,Programmer
2968,fp1617,lp1617,1,1006,Programmer
2969,fp1618,lp1618,2,1264,Programmer
2970,fp1619,lp1619,3,676,Programmer
2971,fp1620,lp1620,4,991,Programmer
2972,fp1621,lp1621,5,834,Programmer
2973,fp1622,lp1622,6,819,Programmer
2974,fp1623,lp1623,7,1057,Programmer
2975,fp1624,lp1624,8,747,Programmer
2976,fp1625,lp1625,9,1319,Programmer
2977,fp1626,lp1626,10,954,Programmer
2978,fp1627,lp1627,11,980,Programmer
2979,fp1628,lp1628,1,985,Programmer
2980,fp1629,lp1629,2,1294,Programmer
2981,fp1630,lp1630,3,702,Programmer
2982,fp1631,lp1631,4,1248,Programmer
2983,fp1632,lp1632,5,775,Programmer
2984,fp1633,lp1633,6,895,Programmer
2985,fp1634,lp1634,7,1005,Programmer
2986,fp1635,lp1635,8,810,Programmer
2987,fp1636,lp1636,9,689,Programmer
2988,fp1637,lp1637,10,1306,Programmer
2989,fp1638,lp1638,11,1186,Programmer
2990,fp1639,lp1639,1,727,Programmer
2991,fp1640,lp1640,2,947,Programmer
2992,fp1641,lp1641,3,1179,Programmer
2993,fp1642,lp1642,4,1197,Programmer
2994,fp1643,lp1643,5,1322,Programmer
2995,fp1644,lp1644,6,913,Programmer
2996,fp1645,lp1645,7,821,Programmer
2997,fp1646,lp1646,8,1347,Programmer
2998,fp1647,lp1647,9,685,Programmer
2999,fp1648,lp1648,10,848,Programmer
3000,fp1649,lp1649,11,1208,Programmer
3001,fp1650,lp1650,1,1227,Programmer
3002,fp1651,lp1651,2,1233,Programmer
3003,fp1652,lp1652,3,1177,Programmer
3004,fp1653,lp1653,4,753,Programmer
3005,fp1654,lp1654,5,1314,Programmer
3006,fp1655,lp1655,6,1213,Programmer
3007,fp1656,lp1656,7,1308,Programmer
3008,fp1657,lp1657,8,1006,Programmer
3009,fp1658,lp1658,9,756,Programmer
3010,fp1659,lp1659,10,818,Programmer
3011,fp1660,lp1660,11,1075,Programmer
3012,fp1661,lp1661,1,1067,Programmer
3013,fp1662,lp1662,2,1264,Programmer
3014,fp1663,lp1663,3,1072,Programmer
3015,fp1664,lp1664,4,1041,Programmer
3016,fp1665,lp1665,5,1268,Programmer
3017,fp1666,lp1666,6,988,Programmer
3018,fp1667,lp1667,7,862,Programmer
3019,fp1668,lp1668,8,1076,Programmer
3020,fp1669,lp1669,9,1263,Programmer
3021,fp1670,lp1670,10,1053,Programmer
3022,fp1671,lp1671,11,1137,Programmer
3023,fp1672,lp1672,1,1324,Programmer
3024,fp1673,lp1673,2,1222,Programmer
3025,fp1674,lp1674,3,898,Programmer
3026,fp1675,lp1675,4,1140,Programmer
3027,fp1676,lp1676,5,1194,Programmer
3028,fp1677,lp1677,6,873,Programmer
3029,fp1678,lp1678,7,937,Programmer
3030,fp1679,lp1679,8,765,Programmer
3031,fp1680,lp1680,9,1117,Programmer
3032,fp1681,lp1681,10,696,Programmer
3033,fp1682,lp1682,11,831,Programmer
3034,fp1683,lp1683,1,1086,Programmer
3035,fp1684,lp1684,2,1161,Programmer
3036,fp1685,lp1685,3,711,Programmer
3037,fp1686,lp1686,4,716,Programmer
3038,fp1687,lp1687,5,836,Programmer
3039,fp1688,lp1688,6,1076,Programmer
3040,fp1689,lp1689,7,1268,Programmer
3041,fp1690,lp1690,8,768,Programmer
3042,fp1691,lp1691,9,979,Programmer
3043,fp1692,lp1692,10,1349,Programmer
3044,fp1693,lp1693,11,924,Programmer
3045,fp1694,lp1694,1,960,Programmer
3046,fp1695,lp1695,2,907,Programmer
3047,fp1696,lp1696,3,846,Programmer
3048,fp1697,lp1697,4,694,Programmer
3049,fp1698,lp1698,5,1000,Programmer
3050,fp1699,lp1699,6,1276,Programmer
3051,fp1700,lp1700,7,1096,Programmer
3052,fp1701,lp1701,8,1072,Programmer
3053,fp1702,lp1702,9,1323,Programmer
3054,fp1703,lp1703,10,1195,Programmer
3055,fp1704,lp1704,11,949,Programmer
3056,fp1705,lp1705,1,1187,Programmer
3057,fp1706,lp1706,2,1303,Programmer
3058,fp1707,lp1707,3,730,Programmer
3059,fp1708,lp1708,4,685,Programmer
3060,fp1709,lp1709,5,1077,Programmer
3061,fp1710,lp1710,6,1092,Programmer
3062,fp1711,lp1711,7,679,Programmer
3063,fp1712,lp1712,8,691,Programmer
3064,fp1713,lp1713,9,925,Programmer
3065,fp1714,lp1714,10,823,Programmer
3066,fp1715,lp1715,11,728,Programmer
3067,fp1716,lp1716,1,1079,Programmer
3068,fp1717,lp1717,2,752,Programmer
3069,fp1718,lp1718,3,1108,Programmer
3070,fp1719,lp1719,4,884,Programmer
3071,fp1720,lp1720,5,1058,Programmer
3072,fp1721,lp1721,6,1019,Programmer
3073,fp1722,lp1722,7,933,Programmer
3074,fp1723,lp1723,8,1267,Programmer
3075,fp1724,lp1724,9,713,Programmer
3076,fp1725,lp1725,10,1087,Programmer
3077,fp1726,lp1726,11,1285,Programmer
3078,fp1727,lp1727,1,1204,Programmer
3079,fp1728,lp1728,2,1307,Programmer
3080,fp1729,lp1729,3,1091,Programmer
3081,fp1730,lp1730,4,1266,Programmer
3082,fp1731,lp1731,5,940,Programmer
3083,fp1732,lp1732,6,1301,Programmer
3084,fp1733,lp1733,7,1269,Programmer
3085,fp1734,lp1734,8,1074,Programmer
3086,fp1735,lp1735,9,976,Programmer
3087,fp1736,lp1736,10,1240,Programmer
3088,fp1737,lp1737,11,1022,Programmer
3089,fp1738,lp1738,1,1078,Programmer
3090,fp1739,lp1739,2,1282,Programmer
3091,fp1740,lp1740,3,1341,Programmer
3092,fp1741,lp1741,4,1291,Programmer
3093,fp1742,lp1742,5,1210,Programmer
3094,fp1743,lp1743,6,1003,Programmer
3095,fp1744,lp1744,7,1246,Programmer
3096,fp1745,lp1745,8,851,Programmer
3097,fp1746,lp1746,9,1064,Programmer
3098,fp1747,lp1747,10,767,Programmer
3099,fp1748,lp1748,11,764,Programmer
3100,fp1749,lp1749,1,1177,Programmer
3101,fp1750,lp1750,2,1176,Programmer
3102,fp1751,lp1751,3,1065,Programmer
3103,fp1752,lp1752,4,950,Programmer
3104,fp1753,lp1753,5,912,Programmer
3105,fp1754,lp1754,6,939,Programmer
3106,fp1755,lp1755,7,836,Programmer
3107,fp1756,lp1756,8,908,Programmer
3108,fp1757,lp1757,9,924,Programmer
3109,fp1758,lp1758,10,1185,Programmer
3110,fp1759,lp1759,11,1033,Programmer
3111,fp1760,lp1760,1,860,Programmer
3112,fp1761,lp1761,2,709,Programmer
3113,fp1762,lp1762,3,1077,Programmer
3114,fp1763,lp1763,4,1281,Programmer
3115,fp1764,lp1764,5,838,Programmer
3116,fp1765,lp1765,6,1126,Programmer
3117,fp1766,lp1766,7,966,Programmer
3118,fp1767,lp1767,8,992,Programmer
3119,fp1768,lp1768,9,1300,Programmer
3120,fp1769,lp1769,10,1277,Programmer
3121,fp1770,lp1770,11,1324,Programmer
3122,fp1771,lp1771,1,839,Programmer
3123,fp1772,lp1772,2,952,Programmer
3124,fp1773,lp1773,3,750,Programmer
3125,fp1774,lp1774,4,768,Programmer
3126,fp1775,lp1775,5,1112,Programmer
3127,fp1776,lp1776,6,1053,Programmer
3128,fp1777,lp1777,7,763,Programmer
3129,fp1778,lp1778,8,1312,Programmer
3130,fp1779,lp1779,9,829,Programmer
3131,fp1780,lp1780,10,681,Programmer
3132,fp1781,lp1781,11,878,Programmer
3133,fp1782,lp1782,1,796,Programmer
3134,fp1783,lp1783,2,1091,Programmer
3135,fp1784,lp1784,3,875,Programmer
3136,fp1785,lp1785,4,698,Programmer
3137,fp1786,lp1786,5,1121,Programmer
3138,fp1787,lp1787,6,695,Programmer
3139,fp1788,lp1788,7,849,Programmer
3140,fp1789,lp1789,8,1030,Programmer
3141,fp1790,lp1790,9,869,Programmer
3142,fp1791,lp1791,10,740,Programmer
3143,fp1792,lp1792,11,892,Programmer
3144,fp1793,lp1793,1,799,Programmer
3145,fp1794,lp1794,2,819,Programmer
3146,fp1795,lp1795,3,1120,Programmer
3147,fp1796,lp1796,4,1124,Programmer
3148,fp1797,lp1797,5,1260,Programmer
3149,fp1798,lp1798,6,746,Programmer
3150,fp1799,lp1799,7,811,Programmer
3151,fp1800,lp1800,8,1018,Programmer
3152,fp1801,lp1801,9,1026,Programmer
3153,fp1802,lp1802,10,1135,Programmer
3154,fp1803,lp1803,11,835,Programmer
3155,fp1804,lp1804,1,1338,Programmer
3156,fp1805,lp1805,2,1069,Programmer
3157,fp1806,lp1806,3,973,Programmer
3158,fp1807,lp1807,4,803,Programmer
3159,fp1808,lp1808,5,940,Programmer
3160,fp1809,lp1809,6,1013,Programmer
3161,fp1810,lp1810,7,784,Programmer
3162,fp1811,lp1811,8,1155,Programmer
3163,fp1812,lp1812,9,1011,Programmer
3164,fp1813,lp1813,10,1022,Programmer
3165,fp1814,lp1814,11,1109,Programmer
3166,fp1815,lp1815,1,1015,Programmer
3167,fp1816,lp1816,2,715,Programmer
3168,fp1817,lp1817,3,1079,Programmer
3169,fp1818,lp1818,4,1233,Programmer
3170,fp1819,lp1819,5,887,Programmer
3171,fp1820,lp1820,6,975,Programmer
3172,fp1821,lp1821,7,1042,Programmer
3173,fp1822,lp1822,8,1068,Programmer
3174,fp1823,lp1823,9,1069,Programmer
3175,fp1824,lp1824,10,680,Programmer
3176,fp1825,lp1825,11,1074,Programmer
3177,fp1826,lp1826,1,1295,Programmer
3178,fp1827,lp1827,2,1226,Programmer
3179,fp1828,lp1828,3,874,Programmer
3180,fp1829,lp1829,4,1219,Programmer
3181,fp1830,lp1830,5,1064,Programmer
3182,fp1831,lp1831,6,729,Programmer
3183,fp1832,lp1832,7,1212,Programmer
3184,fp1833,lp1833,8,676,Programmer
3185,fp1834,lp1834,9,1177,Programmer
3186,fp1835,lp1835,10,1107,Programmer
3187,fp1836,lp1836,11,942,Programmer
3188,fp1837,lp1837,1,796,Programmer
3189,fp1838,lp1838,2,1327,Programmer
3190,fp1839,lp1839,3,803,Programmer
3191,fp1840,lp1840,4,1005,Programmer
3192,fp1841,lp1841,5,993,Programmer
3193,fp1842,lp1842,6,989,Programmer
3194,fp1843,lp1843,7,1142,Programmer
3195,fp1844,lp1844,8,1025,Programmer
3196,fp1845,lp1845,9,745,Programmer
3197,fp1846,lp1846,10,755,Programmer
3198,fp1847,lp1847,11,748,Programmer
3199,fp1848,lp1848,1,927,Programmer
3200,fp1849,lp1849,2,1324,Programmer
3201,fp1850,lp1850,3,1054,Programmer
3202,fp1851,lp1851,4,1106,Programmer
3203,fp1852,lp1852,5,681,Programmer
3204,fp1853,lp1853,6,695,Programmer
3205,fp1854,lp1854,7,963,Programmer
3206,fp1855,lp1855,8,854,Programmer
3207,fp1856,lp1856,9,1231,Programmer
3208,fp1857,lp1857,10,1246,Programmer
3209,fp1858,lp1858,11,1023,Programmer
3210,fp1859,lp1859,1,986,Programmer
3211,fp1860,lp1860,2,1139,Programmer
3212,fp1861,lp1861,3,1052,Programmer
3213,fp1862,lp1862,4,1222,Programmer
3214,fp1863,lp1863,5,1107,Programmer
3215,fp1864,lp1864,6,906,Programmer
3216,fp1865,lp1865,7,1329,Programmer
3217,fp1866,lp1866,8,1230,Programmer
3218,fp1867,lp1867,9,893,Programmer
3219,fp1868,lp1868,10,1018,Programmer
3220,fp1869,lp1869,11,763,Programmer
3221,fp1870,lp1870,1,844,Programmer
3222,fp1871,lp1871,2,689,Programmer
3223,fp1872,lp1872,3,1235,Programmer
3224,fp1873,lp1873,4,978,Programmer
3225,fp1874,lp1874,5,965,Programmer
3226,fp1875,lp1875,6,757,Programmer
3227,fp1876,lp1876,7,927,Programmer
3228,fp1877,lp1877,8,992,Programmer
3229,fp1878,lp1878,9,867,Programmer
3230,fp1879,lp1879,10,733,Programmer
3231,fp1880,lp1880,11,930,Programmer
3232,fp1881,lp1881,1,842,Programmer
3233,fp1882,lp1882,2,1198,Programmer
3234,fp1883,lp1883,3,769,Programmer
3235,fp1884,lp1884,4,1261,Programmer
3236,fp1885,lp1885,5,928,Programmer
3237,fp1886,lp1886,6,1127,Programmer
3238,fp1887,lp1887,7,756,Programmer
3239,fp1888,lp1888,8,1247,Programmer
3240,fp1889,lp1889,9,1238,Programmer
3241,fp1890,lp1890,10,1315,Programmer
3242,fp1891,lp1891,11,1207,Programmer
3243,fp1892,lp1892,1,1033,Programmer
3244,fp1893,lp1893,2,1028,Programmer
3245,fp1894,lp1894,3,1336,Programmer
3246,fp1895,lp1895,4,1104,Programmer
3247,fp1896,lp1896,5,1289,Programmer
3248,fp1897,lp1897,6,1090,Programmer
3249,fp1898,lp1898,7,1208,Programmer
3250,fp1899,lp1899,8,1313,Programmer
3251,fp1900,lp1900,9,809,Programmer
3252,fp1901,lp1901,10,1175,Programmer
3253,fp1902,lp1902,11,784,Programmer
3254,fp1903,lp1903,1,1337,Programmer
3255,fp1904,lp1904,2,1206,Programmer
3256,fp1905,lp1905,3,868,Programmer
3257,fp1906,lp1906,4,730,Programmer
3258,fp1907,lp1907,5,1318,Programmer
3259,fp1908,lp1908,6,1222,Programmer
3260,fp1909,lp1909,7,859,Programmer
3261,fp1910,lp1910,8,1164,Programmer
3262,fp1911,lp1911,9,1324,Programmer
3263,fp1912,lp1912,10,1057,Programmer
3264,fp1913,lp1913,11,837,Programmer
3265,fp1914,lp1914,1,1138,Programmer
3266,fp1915,lp1915,2,1123,Programmer
3267,fp1916,lp1916,3,1240,Programmer
3268,fp1917,lp1917,4,755,Programmer
3269,fp1918,lp1918,5,981,Programmer
3270,fp1919,lp1919,6,780,Programmer
3271,fp1920,lp1920,7,875,Programmer
3272,fp1921,lp1921,8,680,Programmer
3273,fp1922,lp1922,9,1253,Programmer
3274,fp1923,lp1923,10,726,Programmer
3275,fp1924,lp1924,11,1074,Programmer
3276,fp1925,lp1925,1,892,Programmer
3277,fp1926,lp1926,2,1073,Programmer
3278,fp1927,lp1927,3,1005,Programmer
3279,fp1928,lp1928,4,1183,Programmer
3280,fp1929,lp1929,5,1176,Programmer
3281,fp1930,lp1930,6,1043,Programmer
3282,fp1931,lp1931,7,940,Programmer
3283,fp1932,lp1932,8,835,Programmer
3284,fp1933,lp1933,9,1222,Programmer
3285,fp1934,lp1934,10,681,Programmer
3286,fp1935,lp1935,11,1299,Programmer
3287,fp1936,lp1936,1,1287,Programmer
3288,fp1937,lp1937,2,1331,Programmer
3289,fp1938,lp1938,3,1239,Programmer
3290,fp1939,lp1939,4,1134,Programmer
3291,fp1940,lp1940,5,718,Programmer
3292,fp1941,lp1941,6,1219,Programmer
3293,fp1942,lp1942,7,991,Programmer
3294,fp1943,lp1943,8,1128,Programmer
3295,fp1944,lp1944,9,787,Programmer
3296,fp1945,lp1945,10,912,Programmer
3297,fp1946,lp1946,11,1018,Programmer
3298,fp1947,lp1947,1,1178,Programmer
3299,fp1948,lp1948,2,1094,Programmer
3300,fp1949,lp1949,3,1230,Programmer
3301,fp1950,lp1950,4,1092,Programmer
3302,fp1951,lp1951,5,964,Programmer
3303,fp1952,lp1952,6,1154,Programmer
3304,fp1953,lp1953,7,1160,Programmer
3305,fp1954,lp1954,8,957,Programmer
3306,fp1955,lp1955,9,806,Programmer
3307,fp1956,lp1956,10,1242,Programmer
3308,fp1957,lp1957,11,1307,Programmer
3309,fp1958,lp1958,1,807,Programmer
3310,fp1959,lp1959,2,901,Programmer
3311,fp1960,lp1960,3,1272,Programmer
3312,fp1961,lp1961,4,1025,Programmer
3313,fp1962,lp1962,5,910,Programmer
3314,fp1963,lp1963,6,1144,Programmer
3315,fp1964,lp1964,7,1280,Programmer
3316,fp1965,lp1965,8,860,Programmer
3317,fp1966,lp1966,9,713,Programmer
3318,fp1967,lp1967,10,781,Programmer
3319,fp1968,lp1968,11,966,Programmer
3320,fp1969,lp1969,1,1035,Programmer
3321,fp1970,lp1970,2,1006,Programmer
3322,fp1971,lp1971,3,1340,Programmer
3323,fp1972,lp1972,4,1107,Programmer
3324,fp1973,lp1973,5,877,Programmer
3325,fp1974,lp1974,6,1175,Programmer
3326,fp1975,lp1975,7,1345,Programmer
3327,fp1976,lp1976,8,729,Programmer
3328,fp1977,lp1977,9,818,Programmer
3329,fp1978,lp1978,10,782,Programmer
3330,fp1979,lp1979,11,1016,Programmer
3331,fp1980,lp1980,1,1184,Programmer
3332,fp1981,lp1981,2,771,Programmer
3333,fp1982,lp1982,3,822,Programmer
3334,fp1983,lp1983,4,955,Programmer
3335,fp1984,lp1984,5,1238,Programmer
3336,fp1985,lp1985,6,931,Programmer
3337,fp1986,lp1986,7,859,Programmer
3338,fp1987,lp1987,8,773,Programmer
3339,fp1988,lp1988,9,1232,Programmer
3340,fp1989,lp1989,10,1037,Programmer
3341,fp1990,lp1990,11,883,Programmer
3342,fp1991,lp1991,1,1157,Programmer
3343,fp1992,lp1992,2,1188,Programmer
3344,fp1993,lp1993,3,866,Programmer
3345,fp1994,lp1994,4,1159,Programmer
3346,fp1995,lp1995,5,1209,Programmer
3347,fp1996,lp1996,6,968,Programmer
3348,fp1997,lp1997,7,1277,Programmer
3349,fp1998,lp1998,8,1043,Programmer
3350,fp1999,lp1999,9,1314,Programmer
